Month,Company,Complaint_count,Untimely_count,Untimely_rate,Previous_6_month_average,Previous_6_month_std,Complaint_growth_percentage,Complaint_z_score,Previous_6_month_complaints,Previous_6_month_untimely,Previous_6_month_untimely_rate,Untimely_rate_change,Monthly_complaint_share
2026-06-01,Pending Company Match,33706,2,0.01,1755.5,2468.614895037296,1820.02,12.94,10533.0,12.0,0.11,-0.11,4.28
2026-06-01,Resurgent Capital Services L.P.,4077,0,0.0,2309.0,154.40854898612287,76.57,11.45,13854.0,0.0,0.0,0.0,0.52
2026-06-01,"Affirm Holdings, Inc",1094,0,0.0,749.0,49.80762993759065,46.06,6.93,4494.0,1.0,0.02,-0.02,0.14
2026-06-01,CAPITAL ONE FINANCIAL CORPORATION,3997,0,0.0,2975.33,248.17547555442974,34.34,4.12,17852.0,0.0,0.0,0.0,0.51
2026-06-01,Experian Information Solutions Inc.,226785,0,0.0,155599.5,20550.68616615997,45.75,3.46,933597.0,37.0,0.0,-0.0,28.78
2026-06-01,"EQUIFAX, INC.",195317,0,0.0,160756.33,11788.949430151391,21.5,2.93,964538.0,0.0,0.0,0.0,24.78
2026-06-01,"TRANSUNION INTERMEDIATE HOLDINGS, INC.",250013,0,0.0,183458.5,28774.820616295798,36.28,2.31,1100751.0,0.0,0.0,0.0,31.72
2026-06-01,Chime Financial Inc,1179,0,0.0,1019.67,96.79807160613616,15.63,1.65,6118.0,1.0,0.02,-0.02,0.15
2026-06-01,"Shellpoint Partners, LLC",418,0,0.0,352.83,40.98495658978629,18.47,1.59,2117.0,40.0,1.89,-1.89,0.05
2026-06-01,U.S. BANCORP,670,0,0.0,617.17,34.17260111063623,8.56,1.55,3703.0,0.0,0.0,0.0,0.09
2026-06-01,PNC Bank N.A.,362,0,0.0,323.33,31.60801586095948,11.96,1.22,1940.0,0.0,0.0,0.0,0.05
2026-06-01,TRUIST FINANCIAL CORPORATION,553,0,0.0,514.17,35.01666270030128,7.55,1.11,3085.0,2.0,0.06,-0.06,0.07
2026-06-01,"Paypal Holdings, Inc",1138,0,0.0,1038.0,105.7676699185529,9.63,0.95,6228.0,1.0,0.02,-0.02,0.14
2026-06-01,Self Financial Inc.,545,0,0.0,521.83,28.095669891758813,4.44,0.82,3131.0,31.0,0.99,-0.99,0.07
2026-06-01,"Kriya Capital, LLC",839,0,0.0,747.0,119.17214439624722,12.32,0.77,4482.0,0.0,0.0,0.0,0.11
2026-06-01,ENCORE CAPITAL GROUP INC.,2321,0,0.0,2181.0,212.98356744124558,6.42,0.66,13086.0,0.0,0.0,0.0,0.29
2026-06-01,"Spring Oaks Capital, LLC",560,0,0.0,513.33,72.11842113265284,9.09,0.65,3080.0,0.0,0.0,0.0,0.07
2026-06-01,"CBC Companies, Inc.",4564,0,0.0,2820.67,2704.8770520426,61.81,0.64,16924.0,0.0,0.0,0.0,0.58
2026-06-01,"CAINE & WEINER COMPANY, INC.",645,0,0.0,602.83,94.72996709946987,6.99,0.45,3617.0,10.0,0.28,-0.28,0.08
2026-06-01,"Portfolio Recovery Associates, LLC",2033,0,0.0,1963.5,167.7328232636651,3.54,0.41,11781.0,32.0,0.27,-0.27,0.26
2026-06-01,MOHELA,857,2,0.23,823.33,101.99934640313464,4.09,0.33,4940.0,3523.0,71.32,-71.08,0.11
2026-06-01,"Block, Inc.",1388,12,0.86,1340.83,150.28827854049894,3.52,0.31,8045.0,76.0,0.94,-0.08,0.18
2026-06-01,"I.C. System, Inc.",780,0,0.0,737.17,150.17778353227442,5.81,0.29,4423.0,0.0,0.0,0.0,0.1
2026-06-01,"SANTANDER HOLDINGS USA, INC.",652,0,0.0,635.67,61.102100345787214,2.57,0.27,3814.0,0.0,0.0,0.0,0.08
2026-06-01,"CITIBANK, N.A.",2126,0,0.0,2098.0,114.89125293076151,1.33,0.24,12588.0,0.0,0.0,0.0,0.27
2026-06-01,JPMORGAN CHASE & CO.,2395,0,0.0,2373.17,137.4938786516209,0.92,0.16,14239.0,0.0,0.0,0.0,0.3
2026-06-01,CL Holdings LLC,2692,0,0.0,2600.83,621.2295603612777,3.51,0.15,15605.0,1.0,0.01,-0.01,0.34
2026-06-01,Servicer under contract with Federal Student Aid,514,497,96.69,531.33,207.1431067321977,-3.26,-0.08,3188.0,3173.0,99.53,-2.84,0.07
2026-06-01,LEXISNEXIS,2984,12,0.4,3048.33,641.6103698247599,-2.11,-0.1,18290.0,165.0,0.9,-0.5,0.38
2026-06-01,"Bread Financial Holdings, Inc.",1049,0,0.0,1058.17,83.75300989616242,-0.87,-0.11,6349.0,0.0,0.0,0.0,0.13
2026-06-01,"BANK OF AMERICA, NATIONAL ASSOCIATION",2146,0,0.0,2166.5,155.8111035837947,-0.95,-0.13,12999.0,112.0,0.86,-0.86,0.27
2026-06-01,TD BANK US HOLDING COMPANY,581,0,0.0,592.0,50.27922035990602,-1.86,-0.22,3552.0,0.0,0.0,0.0,0.07
2026-06-01,ALLY FINANCIAL INC.,542,0,0.0,550.5,36.00416642556804,-1.54,-0.24,3303.0,0.0,0.0,0.0,0.07
2026-06-01,"Fidelity National Information Services, Inc. (FNIS)",654,0,0.0,666.17,46.75218354971916,-1.83,-0.26,3997.0,0.0,0.0,0.0,0.08
2026-06-01,BARCLAYS BANK DELAWARE,493,0,0.0,507.5,46.90309158253867,-2.86,-0.31,3045.0,0.0,0.0,0.0,0.06
2026-06-01,TRANSWORLD SYSTEMS INC,446,1,0.22,463.0,31.38789575616696,-3.67,-0.54,2778.0,1.0,0.04,0.19,0.06
2026-06-01,OneMain Finance Corporation,347,0,0.0,367.83,30.960727812289125,-5.66,-0.67,2207.0,0.0,0.0,0.0,0.04
2026-06-01,"National Credit Systems,Inc.",656,0,0.0,729.17,83.01184654413258,-10.03,-0.88,4375.0,7.0,0.16,-0.16,0.08
2026-06-01,AMERICAN EXPRESS COMPANY,995,0,0.0,1056.0,62.58434308994608,-5.78,-0.97,6336.0,123.0,1.94,-1.94,0.13
2026-06-01,GOLDMAN SACHS BANK USA,513,0,0.0,595.67,72.22926461391314,-13.88,-1.14,3574.0,2.0,0.06,-0.06,0.07
2026-06-01,WELLS FARGO & COMPANY,1912,1,0.05,2124.33,171.5769992355234,-10.0,-1.24,12746.0,2.0,0.02,0.04,0.24
2026-06-01,SYNCHRONY FINANCIAL,1442,0,0.0,1553.0,89.44271909999142,-7.15,-1.24,9318.0,460.0,4.94,-4.94,0.18
2026-06-01,DISCOVER BANK,0,0,0.0,427.83,336.43567983593323,-100.0,-1.27,2567.0,0.0,0.0,0.0,0.0
2026-06-01,"Westlake Services, LLC",348,0,0.0,429.33,51.666881719982555,-18.94,-1.57,2576.0,0.0,0.0,0.0,0.04
2026-06-01,"CCS Financial Services, Inc.",799,0,0.0,1079.83,178.2160673639349,-26.01,-1.58,6479.0,6.0,0.09,-0.09,0.1
2026-06-01,"Early Warning Services, LLC",461,0,0.0,542.67,49.15553546312631,-15.05,-1.66,3256.0,0.0,0.0,0.0,0.06
2026-06-01,"Nelnet, Inc.",578,0,0.0,664.67,51.34458751092135,-13.04,-1.69,3988.0,5.0,0.13,-0.13,0.07
2026-06-01,CREDIT ACCEPTANCE CORPORATION,258,1,0.39,319.33,35.98703470232948,-19.21,-1.7,1916.0,3.0,0.16,0.23,0.03
2026-06-01,NAVY FEDERAL CREDIT UNION,895,0,0.0,985.67,49.053712057974444,-9.2,-1.85,5914.0,0.0,0.0,0.0,0.11
2026-06-01,"Maximus Federal Services, Inc.",325,0,0.0,398.0,22.618576436195028,-18.34,-3.23,2388.0,0.0,0.0,0.0,0.04
