Month,Topic family,Complaint count,Previous 6-month average,Previous 6-month standard deviation,Growth percentage,Z-score,Topic status
2015-03-01,Account and Payment Problems,25,,,,,Insufficient history
2015-04-01,Account and Payment Problems,57,,,,,Insufficient history
2015-05-01,Account and Payment Problems,51,,,,,Insufficient history
2015-06-01,Account and Payment Problems,64,44.333333333333336,17.009801096230763,44.36090225563909,1.1561961574626902,Moderate growth
2015-07-01,Account and Payment Problems,79,49.25,17.017148213885115,60.40609137055838,1.7482365215415785,High emerging topic
2015-08-01,Account and Payment Problems,58,55.2,19.854470529329156,5.072463768115937,0.14102617321694974,Stable
2015-09-01,Account and Payment Problems,49,55.666666666666664,17.795130420052185,-11.976047904191613,-0.37463432463267743,Stable
2015-10-01,Account and Payment Problems,61,59.666666666666664,10.875047892614846,2.2346368715083837,0.1226048240430087,Stable
2015-11-01,Account and Payment Problems,55,60.333333333333336,10.801234497346432,-8.839779005524866,-0.4937707198786944,Stable
2015-12-01,Account and Payment Problems,55,61.0,10.217631819555837,-9.836065573770492,-0.5872202195147037,Stable
2016-01-01,Account and Payment Problems,53,59.5,10.348912986396202,-10.92436974789916,-0.6280852886234859,Stable
2016-02-01,Account and Payment Problems,52,55.166666666666664,4.119061381755149,-5.740181268882171,-0.7687835584808242,Stable
2016-03-01,Account and Payment Problems,72,54.166666666666664,4.020779360604937,32.92307692307693,4.435292696749782,Critical emerging topic
2016-04-01,Account and Payment Problems,55,58.0,7.536577472566707,-5.172413793103448,-0.39805866932570655,Stable
2016-05-01,Account and Payment Problems,80,57.0,7.456540752922897,40.35087719298245,3.0845402395184665,Critical emerging topic
2016-06-01,Account and Payment Problems,42,61.166666666666664,11.822295321411433,-31.335149863760215,-1.6212305771074584,Decreasing
2016-07-01,Account and Payment Problems,54,59.0,14.14213562373095,-8.47457627118644,-0.3535533905932738,Stable
2016-08-01,Account and Payment Problems,62,59.166666666666664,14.062953696384932,4.7887323943662015,0.20147498132356656,Stable
2016-09-01,Account and Payment Problems,69,60.833333333333336,13.62962459742258,13.42465753424657,0.5991850038342961,Stable
2016-10-01,Account and Payment Problems,58,60.333333333333336,13.185851002747857,-3.867403314917131,-0.17695735624853354,Stable
2016-11-01,Account and Payment Problems,63,60.833333333333336,12.998717885494194,3.561643835616434,0.16668310565340733,Stable
2016-12-01,Account and Payment Problems,78,58.0,9.316651759081696,34.48275862068966,2.1466939537054586,High emerging topic
2017-01-01,Account and Payment Problems,93,64.0,8.50881895447305,45.3125,3.40822858673645,Critical emerging topic
2017-02-01,Account and Payment Problems,69,70.5,13.034569421350275,-2.127659574468085,-0.1150785999530633,Stable
2017-03-01,Account and Payment Problems,67,71.66666666666667,12.420413304985718,-6.511627906976751,-0.3757255537376852,Stable
2017-04-01,Account and Payment Problems,77,71.33333333333333,12.532624093407824,7.943925233644868,0.4521532461543585,Stable
2017-05-01,Account and Payment Problems,82,74.5,10.765686229869395,10.06711409395973,0.6966578664712753,Stable
2017-06-01,Account and Payment Problems,83,77.66666666666667,9.416297927883658,6.866952789699564,0.5663938603238323,Stable
2017-07-01,Account and Payment Problems,102,78.5,9.669539802906828,29.936305732484076,2.4303121429765975,High emerging topic
2017-08-01,Account and Payment Problems,88,80.0,12.617448236469981,10.0,0.6340426249482425,Stable
2017-09-01,Account and Payment Problems,124,83.16666666666667,11.651895410904874,49.09819639278557,3.5044369944410834,Critical emerging topic
2017-10-01,Account and Payment Problems,63,92.66666666666667,17.568911937472564,-32.014388489208635,-1.6885887283316006,Decreasing
2017-11-01,Account and Payment Problems,73,90.33333333333333,20.71392446318819,-19.188191881918815,-0.8367962026769632,Stable
2017-12-01,Account and Payment Problems,61,88.83333333333333,21.738598544217748,-31.33208255159474,-1.2803646599719152,Decreasing
2018-01-01,Account and Payment Problems,92,85.16666666666667,24.587937421969055,8.023483365949113,0.2779140525722918,Stable
2018-02-01,Account and Payment Problems,95,83.5,23.535080199565915,13.77245508982036,0.48863228433834305,Stable
2018-03-01,Account and Payment Problems,93,84.66666666666667,23.972206128486928,9.842519685039363,0.3476247988469683,Stable
2018-04-01,Account and Payment Problems,103,79.5,15.719414747375298,29.559748427672954,1.4949665987993503,Moderate growth
2018-05-01,Account and Payment Problems,82,86.16666666666667,15.804007930479727,-4.835589941972926,-0.26364620196316196,Stable
2018-06-01,Account and Payment Problems,81,87.66666666666667,14.69240166435243,-7.604562737642591,-0.45374927931910075,Stable
2018-07-01,Account and Payment Problems,88,91.0,8.318653737234113,-3.296703296703297,-0.36063527762576114,Stable
2018-08-01,Account and Payment Problems,70,90.33333333333333,8.382521498133231,-22.50922509225092,-2.4256822172017714,Stable
2018-09-01,Account and Payment Problems,76,86.16666666666667,11.303391821336913,-11.798839458413932,-0.8994350392663116,Stable
2018-10-01,Account and Payment Problems,77,83.33333333333333,11.378341999899042,-7.599999999999994,-0.556613022652116,Stable
2018-11-01,Account and Payment Problems,65,79.0,6.1318838867023775,-17.72151898734177,-2.2831482556870397,Stable
2018-12-01,Account and Payment Problems,67,76.16666666666667,8.084965470963201,-12.035010940919042,-1.133791690216656,Stable
2019-01-01,Account and Payment Problems,61,73.83333333333333,8.424171571535535,-17.38148984198645,-1.5233941075815605,Stable
2019-02-01,Account and Payment Problems,86,69.33333333333333,6.282250127674639,24.038461538461547,2.6529772498625106,High emerging topic
2019-03-01,Account and Payment Problems,94,72.0,9.295160030897856,30.555555555555557,2.3668231560156294,High emerging topic
2019-04-01,Account and Payment Problems,72,75.0,13.007690033207302,-4.0,-0.23063280200722086,Stable
2019-05-01,Account and Payment Problems,71,74.16666666666667,13.014094923069655,-4.269662921348321,-0.24332592357638536,Stable
2019-06-01,Account and Payment Problems,71,75.16666666666667,12.38412962895121,-5.54323725055433,-0.33645211989108825,Stable
2019-07-01,Account and Payment Problems,83,75.83333333333333,11.95686692518852,9.450549450549458,0.5993766353265387,Stable
2019-08-01,Account and Payment Problems,90,79.5,9.648834126463164,13.20754716981132,1.0882143751650164,Moderate growth
2019-09-01,Account and Payment Problems,84,80.16666666666667,10.30372101071583,4.781704781704776,0.3720338826475093,Stable
2019-10-01,Account and Payment Problems,80,78.5,8.215838362577506,1.910828025477707,0.18257418583505505,Stable
2019-11-01,Account and Payment Problems,72,79.83333333333333,7.574078601827872,-9.81210855949895,-1.0342292105924131,Stable
2019-12-01,Account and Payment Problems,70,80.0,7.348469228349546,-12.5,-1.3608276348795412,Stable
2020-01-01,Account and Payment Problems,78,79.83333333333333,7.600438583836253,-2.2964509394571966,-0.24121415009289768,Stable
2020-02-01,Account and Payment Problems,71,79.0,7.456540752922909,-10.126582278481013,-1.0728835615716388,Stable
2020-03-01,Account and Payment Problems,93,75.83333333333333,5.671566509057855,22.637362637362646,3.026794561828801,Critical emerging topic
2020-04-01,Account and Payment Problems,113,77.33333333333333,8.664102184685195,46.12068965517243,4.116602725405483,Critical emerging topic
2020-05-01,Account and Payment Problems,113,82.83333333333333,17.081178725915464,36.418511066398395,1.7660764020282735,Moderate growth
2020-06-01,Account and Payment Problems,119,89.66666666666667,19.856149341366955,32.713754646840144,1.477292139026284,Moderate growth
2020-07-01,Account and Payment Problems,114,97.83333333333333,20.22292428573741,16.524701873935268,0.7994227955483427,Stable
2020-08-01,Account and Payment Problems,114,103.83333333333333,18.421907248346148,9.791332263242381,0.5518791583091592,Stable
2020-09-01,Account and Payment Problems,94,111.0,9.099450532861987,-15.315315315315313,-1.8682446746213706,Stable
2020-10-01,Account and Payment Problems,94,111.16666666666667,8.704405015086843,-15.442278860569719,-1.9721815146368624,Stable
2020-11-01,Account and Payment Problems,94,108.0,11.045361017187357,-12.962962962962962,-1.2675004445952485,Stable
2020-12-01,Account and Payment Problems,105,104.83333333333333,12.006942436218665,0.15898251192369292,0.01388085830776745,Stable
2021-01-01,Account and Payment Problems,87,102.5,9.874208829065843,-15.121951219512194,-1.5697460189796684,Stable
2021-02-01,Account and Payment Problems,119,98.0,9.736529155710546,21.428571428571427,2.1568260787966054,High emerging topic
2021-03-01,Account and Payment Problems,127,98.83333333333333,11.44406687618821,28.4991568296796,2.4612462485057085,High emerging topic
2021-04-01,Account and Payment Problems,120,104.33333333333333,15.769168230019883,15.015974440894574,0.993499875081675,Stable
2021-05-01,Account and Payment Problems,110,108.66666666666667,15.933193862709025,1.2269938650306704,0.08368274087557169,Stable
2021-06-01,Account and Payment Problems,94,111.33333333333333,14.236104336041821,-15.568862275449098,-1.2175615550561956,Stable
2021-07-01,Account and Payment Problems,123,109.5,15.833508770957938,12.32876712328767,0.8526221316630654,Stable
2021-08-01,Account and Payment Problems,87,115.5,11.945710527214455,-24.675324675324674,-2.3857936231647274,Stable
2021-09-01,Account and Payment Problems,89,110.16666666666667,16.3880037425755,-19.21331316187595,-1.2915951813994502,Stable
2021-10-01,Account and Payment Problems,93,103.83333333333333,15.917495615412252,-10.433386837881216,-0.6805928266029401,Stable
2021-11-01,Account and Payment Problems,90,99.33333333333333,14.151560573543403,-9.395973154362412,-0.6595267910439618,Stable
2021-12-01,Account and Payment Problems,96,96.0,13.475904422338457,0.0,0.0,Stable
2022-01-01,Account and Payment Problems,127,96.33333333333333,13.441230102437348,31.83391003460208,2.2815372129598295,High emerging topic
2022-02-01,Account and Payment Problems,125,97.0,15.03329637837295,28.865979381443296,1.8625322946656648,Moderate growth
2022-03-01,Account and Payment Problems,137,103.33333333333333,17.738846260866808,32.58064516129033,1.8979062207071382,Moderate growth
2022-04-01,Account and Payment Problems,139,111.33333333333333,20.578305728768555,24.85029940119761,1.3444579467000803,Moderate growth
2022-05-01,Account and Payment Problems,93,119.0,20.947553556441918,-21.84873949579832,-1.2411950603178825,Stable
2022-06-01,Account and Payment Problems,110,119.5,20.13703056560233,-7.949790794979079,-0.47176767046417006,Stable
2022-07-01,Account and Payment Problems,129,121.83333333333333,17.509045281415812,5.882352941176475,0.40931224698318686,Stable
2022-08-01,Account and Payment Problems,142,122.16666666666667,17.645584905768054,16.23465211459754,1.123982766184766,Moderate growth
2022-09-01,Account and Payment Problems,126,125.0,19.46278500112466,0.8,0.05138010823950502,Stable
2022-10-01,Account and Payment Problems,157,123.16666666666667,18.605554726120626,27.469553450608924,1.8184533506993041,Moderate growth
2022-11-01,Account and Payment Problems,126,126.16666666666667,22.675243475355888,-0.13210039630119266,-0.0073501599595968865,Stable
2022-12-01,Account and Payment Problems,135,131.66666666666666,16.058227382456327,2.5316455696202604,0.20757791342368348,Stable
2023-01-01,Account and Payment Problems,166,135.83333333333334,12.056809970579723,22.208588957055206,2.5020438026540583,High emerging topic
2023-02-01,Account and Payment Problems,145,142.0,16.50454482862235,2.112676056338028,0.18176811485266586,Stable
2023-03-01,Account and Payment Problems,201,142.5,16.549924471126893,41.05263157894737,3.5347593339207974,Critical emerging topic
2023-04-01,Account and Payment Problems,153,155.0,26.76564962783468,-1.2903225806451613,-0.07472263994370304,Stable
2023-05-01,Account and Payment Problems,168,154.33333333333334,26.755684754210147,8.85529157667386,0.5107948756391344,Stable
2023-06-01,Account and Payment Problems,148,161.33333333333334,23.105554887660112,-8.264462809917362,-0.577061810381114,Stable
2023-07-01,Account and Payment Problems,152,163.5,20.61795334168762,-7.033639143730887,-0.5577663218758018,Stable
2023-08-01,Account and Payment Problems,182,161.16666666666666,21.06577002311271,12.92657704239918,0.988966143201775,Stable
2023-09-01,Account and Payment Problems,159,167.33333333333334,20.800641015763787,-4.980079681274906,-0.40062867904012756,Stable
2023-10-01,Account and Payment Problems,191,160.33333333333334,12.691204303243797,19.126819126819118,2.416371680253263,High emerging topic
2023-11-01,Account and Payment Problems,163,166.66666666666666,17.037214169771843,-2.1999999999999944,-0.21521515372931183,Stable
2023-12-01,Account and Payment Problems,136,165.83333333333334,17.08117872591568,-17.989949748743722,-1.7465617456522486,Stable
2024-01-01,Account and Payment Problems,179,163.83333333333334,20.034137532388915,9.257375381485243,0.7570411574816692,Stable
2024-02-01,Account and Payment Problems,201,168.33333333333334,19.87628402560888,19.4059405940594,1.6434996916213551,Moderate growth
2024-03-01,Account and Payment Problems,240,171.5,23.64529551517613,39.94169096209912,2.896982190644859,High emerging topic
2024-04-01,Account and Payment Problems,227,185.0,35.32138162643146,22.702702702702705,1.1890814590494625,Moderate growth
2024-05-01,Account and Payment Problems,248,191.0,39.370039370059196,29.84293193717277,1.4478014478021666,Moderate growth
2024-06-01,Account and Payment Problems,246,205.16666666666666,42.45193360339054,19.902518277822914,0.9618721661731816,Stable
2024-07-01,Account and Payment Problems,239,223.5,27.847800631288905,6.935123042505594,0.5565969178400643,Stable
2024-08-01,Account and Payment Problems,219,233.5,17.535677916750647,-6.209850107066381,-0.8268856253426696,Stable
2024-09-01,Account and Payment Problems,181,236.5,11.291589790636952,-23.46723044397463,-4.915162614747208,Stable
2024-10-01,Account and Payment Problems,221,226.66666666666666,25.00133329777998,-2.499999999999996,-0.22665457874479977,Stable
2024-11-01,Account and Payment Problems,181,225.66666666666666,25.10511236116424,-19.793205317577545,-1.7791860886375757,Stable
2024-12-01,Account and Payment Problems,227,214.5,27.926689742968346,5.827505827505827,0.44760048953339954,Stable
2025-01-01,Account and Payment Problems,421,211.33333333333334,24.508501926202662,99.21135646687696,8.554854445938481,Critical emerging topic
2025-02-01,Account and Payment Problems,229,241.66666666666666,90.19682182131852,-5.241379310344824,-0.14043362516430508,Stable
2025-03-01,Account and Payment Problems,236,243.33333333333334,89.78567072014711,-3.0136986301369904,-0.08167598765498565,Stable
2025-04-01,Account and Payment Problems,226,252.5,84.8192195201065,-10.495049504950495,-0.31242918939755326,Stable
2025-05-01,Account and Payment Problems,234,253.33333333333334,84.47169151062788,-7.631578947368424,-0.22887351949026502,Stable
2025-06-01,Account and Payment Problems,246,262.1666666666667,77.91127432321129,-6.166560712015264,-0.20750099144316422,Stable
2025-07-01,Account and Payment Problems,239,265.3333333333333,76.57066453065875,-9.924623115577882,-0.34390890420951614,Stable
2025-08-01,Account and Payment Problems,221,235.0,7.155417528000584,-5.957446808510639,-1.9565594803119724,Stable
2025-09-01,Account and Payment Problems,228,233.66666666666666,9.003702941939212,-2.425106990014261,-0.6293706826189641,Stable
2025-10-01,Account and Payment Problems,188,232.33333333333334,9.179687721632199,-19.081779053084652,-4.8295034294969055,Stable
2025-11-01,Account and Payment Problems,197,226.0,20.52315765178495,-12.831858407079647,-1.4130379199946261,Stable
2025-12-01,Account and Payment Problems,172,219.83333333333334,23.042713960527447,-21.758908263836243,-2.0758550149636297,Stable
2026-01-01,Account and Payment Problems,163,207.5,25.866967352204647,-21.44578313253012,-1.7203408267419975,Stable
2026-02-01,Account and Payment Problems,63,194.83333333333334,25.964719653150304,-67.66467065868264,-5.077402532915004,Decreasing
2026-03-01,Account and Payment Problems,123,168.5,56.40124112109614,-27.002967359050444,-0.8067198362232728,Decreasing
2026-04-01,Account and Payment Problems,69,151.0,50.19561733856881,-54.3046357615894,-1.6336087560575463,Decreasing
2026-05-01,Account and Payment Problems,3,131.16666666666666,55.84412830966833,-97.712833545108,-2.295078650990011,Low volume
2026-06-01,Account and Payment Problems,1,98.83333333333333,65.44132231752889,-98.98819561551433,-1.494977941592235,Low volume
2015-03-01,Credit Report Accuracy,2,,,,,Insufficient history
2015-04-01,Credit Report Accuracy,3,,,,,Insufficient history
2015-05-01,Credit Report Accuracy,4,,,,,Insufficient history
2015-06-01,Credit Report Accuracy,5,3.0,1.0,66.66666666666666,2.0,Low volume
2015-07-01,Credit Report Accuracy,7,3.5,1.2909944487358056,100.0,2.711088342345192,Low volume
2015-08-01,Credit Report Accuracy,6,4.2,1.9235384061671343,42.85714285714285,0.9357754408380654,Low volume
2015-09-01,Credit Report Accuracy,7,4.5,1.8708286933869707,55.55555555555556,1.3363062095621219,Low volume
2015-10-01,Credit Report Accuracy,6,5.333333333333333,1.632993161855452,12.500000000000005,0.4082482904638632,Low volume
2015-11-01,Credit Report Accuracy,9,5.833333333333333,1.1690451944500122,54.28571428571429,2.708763255432955,Low volume
2015-12-01,Credit Report Accuracy,7,6.666666666666667,1.3662601021279468,4.999999999999996,0.24397501823713302,Low volume
2016-01-01,Credit Report Accuracy,6,7.0,1.095445115010333,-14.285714285714285,-0.9128709291752762,Low volume
2016-02-01,Credit Report Accuracy,4,6.833333333333333,1.1690451944500126,-41.46341463414634,-2.423630281176853,Low volume
2016-03-01,Credit Report Accuracy,11,6.5,1.6431676725154984,69.23076923076923,2.7386127875258306,High emerging topic
2016-04-01,Credit Report Accuracy,8,7.166666666666667,2.4832774042918904,11.627906976744182,0.335578027607012,Low volume
2016-05-01,Credit Report Accuracy,14,7.5,2.428991560298225,86.66666666666667,2.676007651176008,High emerging topic
2016-06-01,Credit Report Accuracy,8,8.333333333333334,3.614784456460258,-4.000000000000007,-0.0922138891954148,Low volume
2016-07-01,Credit Report Accuracy,13,8.5,3.563705936241094,52.94117647058824,1.2627304498492053,High emerging topic
2016-08-01,Credit Report Accuracy,9,9.666666666666666,3.723797345005054,-6.896551724137925,-0.1790287185098579,Low volume
2016-09-01,Credit Report Accuracy,7,10.5,2.588435821108962,-33.33333333333333,-1.352167966250945,Low volume
2016-10-01,Credit Report Accuracy,14,9.833333333333334,2.92688685580203,42.37288135593219,1.4235831010710218,Moderate growth
2016-11-01,Credit Report Accuracy,8,10.833333333333334,3.188521078284836,-26.153846153846157,-0.8886042349318374,Low volume
2016-12-01,Credit Report Accuracy,9,9.833333333333334,2.92688685580203,-8.474576271186447,-0.2847166202142046,Low volume
2017-01-01,Credit Report Accuracy,7,10.0,2.8284271247461943,-30.0,-1.0606601717798196,Low volume
2017-02-01,Credit Report Accuracy,12,9.0,2.6076809620810644,33.33333333333333,1.1504474832710534,Moderate growth
2017-03-01,Credit Report Accuracy,13,9.5,2.880972058177591,36.84210526315789,1.2148677353760888,Moderate growth
2017-04-01,Credit Report Accuracy,16,10.5,2.880972058177591,52.38095238095239,1.9090778698767112,High emerging topic
2017-05-01,Credit Report Accuracy,21,10.833333333333334,3.4302575219167863,93.84615384615384,2.963820238483336,High emerging topic
2017-06-01,Credit Report Accuracy,15,13.0,5.019960159204456,15.384615384615385,0.39840953644479765,Stable
2017-07-01,Credit Report Accuracy,20,14.0,4.647580015448903,42.857142857142854,1.290994448735805,Moderate growth
2017-08-01,Credit Report Accuracy,25,16.166666666666668,3.6560452221856727,54.63917525773194,2.4160897353596056,High emerging topic
2017-09-01,Credit Report Accuracy,20,18.333333333333332,4.45720390678581,9.090909090909099,0.3739265022471316,Stable
2017-10-01,Credit Report Accuracy,24,19.5,3.619392214170774,23.076923076923077,1.243302668989959,Moderate growth
2017-11-01,Credit Report Accuracy,18,20.833333333333332,3.5449494589721144,-13.599999999999996,-0.7992591618372125,Stable
2017-12-01,Credit Report Accuracy,23,20.333333333333332,3.723797345005053,13.114754098360661,0.7161148740394327,Stable
2018-01-01,Credit Report Accuracy,20,21.666666666666668,2.732520204255897,-7.692307692307697,-0.6099375455928328,Stable
2018-02-01,Credit Report Accuracy,24,21.666666666666668,2.732520204255897,10.769230769230763,0.8539125638299647,Stable
2018-03-01,Credit Report Accuracy,24,21.5,2.509980079602231,11.627906976744185,0.9960238411119929,Stable
2018-04-01,Credit Report Accuracy,28,22.166666666666668,2.562550812504348,26.315789473684205,2.2763776253211114,High emerging topic
2018-05-01,Credit Report Accuracy,26,22.833333333333332,3.488074922742729,13.868613138686136,0.9078551168782427,Stable
2018-06-01,Credit Report Accuracy,12,24.166666666666668,2.7141603981096445,-50.3448275862069,-4.482663100950296,Decreasing
2018-07-01,Credit Report Accuracy,16,22.333333333333332,5.715476066494086,-28.35820895522388,-1.1081025026876272,Decreasing
2018-08-01,Credit Report Accuracy,21,21.666666666666668,6.25033332444492,-3.0769230769230824,-0.1066609782328486,Stable
2018-09-01,Credit Report Accuracy,11,21.166666666666668,6.145459028149703,-48.03149606299213,-1.6543380437649235,Decreasing
2018-10-01,Credit Report Accuracy,19,19.0,7.155417527999328,0.0,0.0,Stable
2018-11-01,Credit Report Accuracy,15,17.5,5.68330889535313,-14.285714285714285,-0.4398845894236167,Stable
2018-12-01,Credit Report Accuracy,19,15.666666666666666,3.881580434135905,21.276595744680858,0.8587567332159075,Stable
2019-01-01,Credit Report Accuracy,16,16.833333333333332,3.6009258068817074,-4.950495049504944,-0.2314219670232455,Stable
2019-02-01,Credit Report Accuracy,20,16.833333333333332,3.6009258068817074,18.81188118811882,0.8794034746883345,Stable
2019-03-01,Credit Report Accuracy,21,16.666666666666668,3.3862466931200794,25.99999999999999,1.2796862503070057,Moderate growth
2019-04-01,Credit Report Accuracy,29,18.333333333333332,2.338090388900022,58.18181818181819,4.562127588097613,Critical emerging topic
2019-05-01,Credit Report Accuracy,27,20.0,4.979959839195491,35.0,1.4056338255793737,Moderate growth
2019-06-01,Credit Report Accuracy,24,22.0,4.979959839195489,9.090909090909092,0.40160966445124974,Stable
2019-07-01,Credit Report Accuracy,16,22.833333333333332,4.792355023020166,-29.92700729927007,-1.4258821186054225,Decreasing
2019-08-01,Credit Report Accuracy,29,22.833333333333332,4.792355023020166,27.007299270073,1.2867716680097718,Moderate growth
2019-09-01,Credit Report Accuracy,17,24.333333333333332,5.12510162500868,-30.136986301369863,-1.4308659359161315,Decreasing
2019-10-01,Credit Report Accuracy,26,23.666666666666668,5.853773711604047,9.85915492957746,0.3986032682998868,Stable
2019-11-01,Credit Report Accuracy,26,23.166666666666668,5.4191020166321495,12.230215827338125,0.5228418517749525,Stable
2019-12-01,Credit Report Accuracy,21,23.0,5.291502622129178,-8.695652173913043,-0.3779644730092275,Stable
2020-01-01,Credit Report Accuracy,33,22.5,5.319774431308152,46.666666666666664,1.9737678985418958,Moderate growth
2020-02-01,Credit Report Accuracy,24,25.333333333333332,5.68037557443754,-5.263157894736838,-0.2347262634065101,Stable
2020-03-01,Credit Report Accuracy,20,24.5,5.394441583704467,-18.367346938775512,-0.8341919974800734,Stable
2020-04-01,Credit Report Accuracy,28,25.0,4.647580015448895,12.0,0.6454972243679036,Stable
2020-05-01,Credit Report Accuracy,43,25.333333333333332,4.802776974487428,69.73684210526316,3.678427451558299,Critical emerging topic
2020-06-01,Credit Report Accuracy,31,28.166666666666668,8.704405015086706,10.059171597633132,0.32550568688181714,Stable
2020-07-01,Credit Report Accuracy,40,29.833333333333332,7.985403350280223,34.0782122905028,1.2731563104210508,Moderate growth
2020-08-01,Credit Report Accuracy,32,31.0,8.98888202169769,3.225806451612903,0.11124853987249624,Stable
2020-09-01,Credit Report Accuracy,53,32.333333333333336,8.310635755865286,63.91752577319586,2.4867732474114304,High emerging topic
2020-10-01,Credit Report Accuracy,48,37.833333333333336,9.36838655621482,26.872246696035234,1.085209988471524,Moderate growth
2020-11-01,Credit Report Accuracy,37,41.166666666666664,8.704405015086701,-10.121457489878537,-0.4786848336497313,Stable
2020-12-01,Credit Report Accuracy,69,40.166666666666664,8.795832346439223,71.78423236514524,3.2780676344980364,Critical emerging topic
2021-01-01,Credit Report Accuracy,47,46.5,13.367871932360803,1.0752688172043012,0.03740311117056749,Stable
2021-02-01,Credit Report Accuracy,44,47.666666666666664,12.987173159185428,-7.692307692307687,-0.28232985128664,Stable
2021-03-01,Credit Report Accuracy,61,49.666666666666664,10.838204033264292,22.818791946308732,1.0456837035499063,Moderate growth
2021-04-01,Credit Report Accuracy,44,51.0,11.781341180018497,-13.725490196078432,-0.5941598577819143,Stable
2021-05-01,Credit Report Accuracy,51,50.333333333333336,12.094075684675797,1.3245033112582734,0.055123407860874114,Stable
2021-06-01,Credit Report Accuracy,58,52.666666666666664,10.21110506589107,10.126582278481019,0.5223071644957091,Stable
2021-07-01,Credit Report Accuracy,65,50.833333333333336,7.250287350627306,27.868852459016384,1.9539455447156784,Moderate growth
2021-08-01,Credit Report Accuracy,56,53.833333333333336,8.886319072972018,4.02476780185758,0.24382048954967644,Stable
2021-09-01,Credit Report Accuracy,66,55.833333333333336,7.467708260682538,18.20895522388059,1.3614172262451836,Moderate growth
2021-10-01,Credit Report Accuracy,65,56.666666666666664,8.382521498133256,14.705882352941183,0.9941320562302316,Stable
2021-11-01,Credit Report Accuracy,77,60.166666666666664,6.112828041640472,27.97783933518006,2.753771776118186,High emerging topic
2021-12-01,Credit Report Accuracy,85,64.5,7.395944834840191,31.782945736434108,2.7717891977006555,High emerging topic
2022-01-01,Credit Report Accuracy,70,69.0,10.29563014098696,1.4492753623188406,0.0971285862357268,Stable
2022-02-01,Credit Report Accuracy,92,69.83333333333333,10.107752800037494,31.742243436754187,2.1930360887520366,High emerging topic
2022-03-01,Credit Report Accuracy,78,75.83333333333333,10.907184176801346,2.857142857142864,0.19864583118299106,Stable
2022-04-01,Credit Report Accuracy,67,77.83333333333333,9.786044485218,-13.918629550321192,-1.1070186069251247,Stable
2022-05-01,Credit Report Accuracy,82,78.16666666666667,9.28260021042949,4.904051172707883,0.4129590035587633,Stable
2022-06-01,Credit Report Accuracy,54,79.0,9.380831519646803,-31.645569620253166,-2.6650089544451463,Decreasing
2022-07-01,Credit Report Accuracy,91,73.83333333333333,13.182058514005526,23.250564334085784,1.3022751073686727,Moderate growth
2022-08-01,Credit Report Accuracy,100,77.33333333333333,14.665151436881434,29.310344827586217,1.5456142245938356,Moderate growth
2022-09-01,Credit Report Accuracy,97,78.66666666666667,16.512621435334417,23.305084745762706,1.1102618324491393,Moderate growth
2022-10-01,Credit Report Accuracy,94,81.83333333333333,18.104327291193833,14.86761710794298,0.6720308615158922,Stable
2022-11-01,Credit Report Accuracy,116,86.33333333333333,17.001960671248067,34.362934362934375,1.7448967939818745,Moderate growth
2022-12-01,Credit Report Accuracy,102,92.0,20.562101059959794,10.869565217391305,0.4863316239347164,Stable
2023-01-01,Credit Report Accuracy,140,100.0,8.786353054595528,40.0,4.552514536059849,Critical emerging topic
2023-02-01,Credit Report Accuracy,125,108.16666666666667,17.348390895603757,15.562403697996913,0.9703109316956336,Stable
2023-03-01,Credit Report Accuracy,146,112.33333333333333,17.985179083530628,29.970326409495556,1.8719116729560887,Moderate growth
2023-04-01,Credit Report Accuracy,137,120.5,20.569394740730736,13.692946058091287,0.8021626405626474,Stable
2023-05-01,Credit Report Accuracy,128,127.66666666666667,16.597188516934672,0.2610966057441216,0.020083722793967022,Stable
2023-06-01,Credit Report Accuracy,149,129.66666666666666,15.603418428878594,14.910025706940882,1.2390447273753469,Moderate growth
2023-07-01,Credit Report Accuracy,161,137.5,9.565563234854581,17.09090909090909,2.4567293553997667,High emerging topic
2023-08-01,Credit Report Accuracy,177,141.0,13.638181696985916,25.53191489361702,2.6396480703843475,High emerging topic
2023-09-01,Credit Report Accuracy,168,149.66666666666666,17.43177175925237,12.249443207126957,1.0517194457644528,Moderate growth
2023-10-01,Credit Report Accuracy,171,153.33333333333334,18.768768384384433,11.521739130434776,0.9412800192774118,Stable
2023-11-01,Credit Report Accuracy,157,159.0,17.966635745180632,-1.257861635220126,-0.11131744575700432,Stable
2023-12-01,Credit Report Accuracy,187,163.83333333333334,10.166939887039232,14.14038657171922,2.2786272884527836,High emerging topic
2024-01-01,Credit Report Accuracy,141,170.16666666666666,10.888832199399051,-17.140058765915764,-2.6785853737627026,Stable
2024-02-01,Credit Report Accuracy,180,166.83333333333334,16.080008291871916,7.8921078921078855,0.8188221316603495,Stable
2024-03-01,Credit Report Accuracy,309,167.33333333333334,16.5005050427758,84.6613545816733,8.585595792335504,Critical emerging topic
2024-04-01,Credit Report Accuracy,359,190.83333333333334,60.19440727066485,88.12227074235807,2.793725767752863,High emerging topic
2024-05-01,Credit Report Accuracy,347,222.16666666666666,89.56878176388618,56.18904726181546,1.3937147617169636,High emerging topic
2024-06-01,Credit Report Accuracy,361,253.83333333333334,95.32348433972957,42.21930400525278,1.1242420208301283,Moderate growth
2024-07-01,Credit Report Accuracy,359,282.8333333333333,97.37025555407908,26.929876252209787,0.7822375142516084,Moderate growth
2024-08-01,Credit Report Accuracy,393,319.1666666666667,70.94904274665494,23.133159268929496,1.0406529880463309,Moderate growth
2024-09-01,Credit Report Accuracy,378,354.6666666666667,27.17106303895146,6.578947368421047,0.8587567332159027,Stable
2024-10-01,Credit Report Accuracy,477,366.1666666666667,16.473210575557975,30.268548020027303,6.728095462931894,Critical emerging topic
2024-11-01,Credit Report Accuracy,394,385.8333333333333,47.47385245234135,2.1166306695464416,0.17202451970513963,Stable
2024-12-01,Credit Report Accuracy,424,393.6666666666667,43.49559364656007,7.705334462320063,0.6973886499818421,Stable
2025-01-01,Credit Report Accuracy,778,404.1666666666667,41.59527216723889,92.49484536082473,8.987399621531278,Critical emerging topic
2025-02-01,Credit Report Accuracy,523,474.0,153.03725036735344,10.337552742616033,0.32018348397125207,Stable
2025-03-01,Credit Report Accuracy,629,495.6666666666667,148.40844540209525,26.899798251513108,0.8984214676737723,Moderate growth
2025-04-01,Credit Report Accuracy,603,537.5,143.91490541288636,12.186046511627907,0.4551300632278707,Stable
2025-05-01,Credit Report Accuracy,607,558.5,142.50719280092505,8.683974932855863,0.34033369857865287,Stable
2025-06-01,Credit Report Accuracy,670,594.0,117.70471528362843,12.794612794612794,0.6456835634567891,Stable
2025-07-01,Credit Report Accuracy,692,635.0,84.9258500104652,8.976377952755906,0.6711737355937684,Stable
2025-08-01,Credit Report Accuracy,660,620.6666666666666,59.37900863661079,6.337271750805592,0.6624114183860248,Stable
2025-09-01,Credit Report Accuracy,469,643.5,36.08185139374135,-27.117327117327118,-4.836226337051769,Decreasing
2025-10-01,Credit Report Accuracy,512,616.8333333333334,80.60128204108604,-16.995406646852206,-1.3006410156093446,Stable
2025-11-01,Credit Report Accuracy,488,601.6666666666666,91.54379644010126,-18.891966759002766,-1.2416643299367724,Stable
2025-12-01,Credit Report Accuracy,339,581.8333333333334,102.40393872633364,-41.7358922944715,-2.3713280597759634,Decreasing
2026-01-01,Credit Report Accuracy,79,526.6666666666666,130.66547618505314,-85.0,-3.426051622332628,Decreasing
2026-02-01,Credit Report Accuracy,42,424.5,197.89365831173066,-90.10600706713781,-1.9328562787872132,Decreasing
2026-03-01,Credit Report Accuracy,66,321.5,211.1878310888201,-79.47122861586314,-1.2098234954292577,Decreasing
2026-04-01,Credit Report Accuracy,32,254.33333333333334,218.84119051647176,-87.4180865006553,-1.015957429260095,Decreasing
2026-05-01,Credit Report Accuracy,1,174.33333333333334,191.88399273171976,-99.4263862332696,-0.9033235699638438,Low volume
2026-06-01,Credit Report Accuracy,1,93.16666666666667,123.47212910882635,-98.92665474060823,-0.7464572558348974,Low volume
2015-03-01,Credit Reporting Rights,0,,,,,Insufficient history
2015-04-01,Credit Reporting Rights,0,,,,,Insufficient history
2015-05-01,Credit Reporting Rights,0,,,,,Insufficient history
2015-06-01,Credit Reporting Rights,0,0.0,0.0,,,Insufficient history
2015-07-01,Credit Reporting Rights,0,0.0,0.0,,,Insufficient history
2015-08-01,Credit Reporting Rights,0,0.0,0.0,,,Insufficient history
2015-09-01,Credit Reporting Rights,0,0.0,0.0,,,Insufficient history
2015-10-01,Credit Reporting Rights,0,0.0,0.0,,,Insufficient history
2015-11-01,Credit Reporting Rights,0,0.0,0.0,,,Insufficient history
2015-12-01,Credit Reporting Rights,0,0.0,0.0,,,Insufficient history
2016-01-01,Credit Reporting Rights,0,0.0,0.0,,,Insufficient history
2016-02-01,Credit Reporting Rights,0,0.0,0.0,,,Insufficient history
2016-03-01,Credit Reporting Rights,0,0.0,0.0,,,Insufficient history
2016-04-01,Credit Reporting Rights,0,0.0,0.0,,,Insufficient history
2016-05-01,Credit Reporting Rights,0,0.0,0.0,,,Insufficient history
2016-06-01,Credit Reporting Rights,0,0.0,0.0,,,Insufficient history
2016-07-01,Credit Reporting Rights,0,0.0,0.0,,,Insufficient history
2016-08-01,Credit Reporting Rights,0,0.0,0.0,,,Insufficient history
2016-09-01,Credit Reporting Rights,0,0.0,0.0,,,Insufficient history
2016-10-01,Credit Reporting Rights,3,0.0,0.0,,,Insufficient history
2016-11-01,Credit Reporting Rights,1,0.5,1.224744871391589,100.0,0.4082482904638631,Low volume
2016-12-01,Credit Reporting Rights,0,0.6666666666666666,1.2110601416389968,-100.0,-0.5504818825631802,Low volume
2017-01-01,Credit Reporting Rights,0,0.6666666666666666,1.2110601416389968,-100.0,-0.5504818825631802,Low volume
2017-02-01,Credit Reporting Rights,0,0.6666666666666666,1.2110601416389968,-100.0,-0.5504818825631802,Low volume
2017-03-01,Credit Reporting Rights,0,0.6666666666666666,1.2110601416389968,-100.0,-0.5504818825631802,Low volume
2017-04-01,Credit Reporting Rights,0,0.6666666666666666,1.2110601416389968,-100.0,-0.5504818825631802,Low volume
2017-05-01,Credit Reporting Rights,1,0.16666666666666666,0.4082482904638632,500.0000000000001,2.0412414523193143,Low volume
2017-06-01,Credit Reporting Rights,0,0.16666666666666666,0.408248290463863,-100.0,-0.408248290463863,Low volume
2017-07-01,Credit Reporting Rights,0,0.16666666666666666,0.408248290463863,-100.0,-0.408248290463863,Low volume
2017-08-01,Credit Reporting Rights,0,0.16666666666666666,0.408248290463863,-100.0,-0.408248290463863,Low volume
2017-09-01,Credit Reporting Rights,0,0.16666666666666666,0.408248290463863,-100.0,-0.408248290463863,Low volume
2017-10-01,Credit Reporting Rights,0,0.16666666666666666,0.408248290463863,-100.0,-0.408248290463863,Low volume
2017-11-01,Credit Reporting Rights,0,0.16666666666666666,0.408248290463863,-100.0,-0.408248290463863,Low volume
2017-12-01,Credit Reporting Rights,0,0.0,0.0,,,Insufficient history
2018-01-01,Credit Reporting Rights,0,0.0,0.0,,,Insufficient history
2018-02-01,Credit Reporting Rights,0,0.0,0.0,,,Insufficient history
2018-03-01,Credit Reporting Rights,1,0.0,0.0,,,Insufficient history
2018-04-01,Credit Reporting Rights,0,0.16666666666666666,0.408248290463863,-100.0,-0.408248290463863,Low volume
2018-05-01,Credit Reporting Rights,0,0.16666666666666666,0.408248290463863,-100.0,-0.408248290463863,Low volume
2018-06-01,Credit Reporting Rights,0,0.16666666666666666,0.408248290463863,-100.0,-0.408248290463863,Low volume
2018-07-01,Credit Reporting Rights,0,0.16666666666666666,0.408248290463863,-100.0,-0.408248290463863,Low volume
2018-08-01,Credit Reporting Rights,0,0.16666666666666666,0.408248290463863,-100.0,-0.408248290463863,Low volume
2018-09-01,Credit Reporting Rights,0,0.16666666666666666,0.408248290463863,-100.0,-0.408248290463863,Low volume
2018-10-01,Credit Reporting Rights,1,0.0,0.0,,,Insufficient history
2018-11-01,Credit Reporting Rights,0,0.16666666666666666,0.408248290463863,-100.0,-0.408248290463863,Low volume
2018-12-01,Credit Reporting Rights,1,0.16666666666666666,0.408248290463863,500.0000000000001,2.041241452319315,Low volume
2019-01-01,Credit Reporting Rights,0,0.3333333333333333,0.5163977794943223,-100.0,-0.6454972243679027,Low volume
2019-02-01,Credit Reporting Rights,0,0.3333333333333333,0.5163977794943223,-100.0,-0.6454972243679027,Low volume
2019-03-01,Credit Reporting Rights,0,0.3333333333333333,0.5163977794943223,-100.0,-0.6454972243679027,Low volume
2019-04-01,Credit Reporting Rights,0,0.3333333333333333,0.5163977794943223,-100.0,-0.6454972243679027,Low volume
2019-05-01,Credit Reporting Rights,1,0.16666666666666666,0.408248290463863,500.0000000000001,2.041241452319315,Low volume
2019-06-01,Credit Reporting Rights,0,0.3333333333333333,0.5163977794943223,-100.0,-0.6454972243679027,Low volume
2019-07-01,Credit Reporting Rights,0,0.16666666666666666,0.408248290463863,-100.0,-0.408248290463863,Low volume
2019-08-01,Credit Reporting Rights,1,0.16666666666666666,0.408248290463863,500.0000000000001,2.041241452319315,Low volume
2019-09-01,Credit Reporting Rights,0,0.3333333333333333,0.5163977794943223,-100.0,-0.6454972243679027,Low volume
2019-10-01,Credit Reporting Rights,0,0.3333333333333333,0.5163977794943223,-100.0,-0.6454972243679027,Low volume
2019-11-01,Credit Reporting Rights,0,0.3333333333333333,0.5163977794943223,-100.0,-0.6454972243679027,Low volume
2019-12-01,Credit Reporting Rights,0,0.16666666666666666,0.408248290463863,-100.0,-0.408248290463863,Low volume
2020-01-01,Credit Reporting Rights,0,0.16666666666666666,0.408248290463863,-100.0,-0.408248290463863,Low volume
2020-02-01,Credit Reporting Rights,0,0.16666666666666666,0.408248290463863,-100.0,-0.408248290463863,Low volume
2020-03-01,Credit Reporting Rights,1,0.0,0.0,,,Insufficient history
2020-04-01,Credit Reporting Rights,2,0.16666666666666666,0.408248290463863,1100.0,4.490731195102493,Low volume
2020-05-01,Credit Reporting Rights,0,0.5,0.8366600265340756,-100.0,-0.5976143046671968,Low volume
2020-06-01,Credit Reporting Rights,1,0.5,0.8366600265340756,100.0,0.5976143046671968,Low volume
2020-07-01,Credit Reporting Rights,1,0.6666666666666666,0.816496580927726,50.000000000000014,0.4082482904638631,Low volume
2020-08-01,Credit Reporting Rights,0,0.8333333333333334,0.752772652709081,-100.0,-1.107018606925119,Low volume
2020-09-01,Credit Reporting Rights,0,0.8333333333333334,0.752772652709081,-100.0,-1.107018606925119,Low volume
2020-10-01,Credit Reporting Rights,1,0.6666666666666666,0.816496580927726,50.000000000000014,0.4082482904638631,Low volume
2020-11-01,Credit Reporting Rights,2,0.5,0.5477225575051661,300.0,2.7386127875258306,Low volume
2020-12-01,Credit Reporting Rights,1,0.8333333333333334,0.752772652709081,19.999999999999996,0.22140372138502376,Low volume
2021-01-01,Credit Reporting Rights,3,0.8333333333333334,0.752772652709081,259.99999999999994,2.8782483780053094,Low volume
2021-02-01,Credit Reporting Rights,1,1.1666666666666667,1.1690451944500122,-14.28571428571429,-0.1425664871280503,Low volume
2021-03-01,Credit Reporting Rights,2,1.3333333333333333,1.0327955589886446,50.000000000000014,0.6454972243679028,Low volume
2021-04-01,Credit Reporting Rights,1,1.6666666666666667,0.8164965809277261,-40.0,-0.816496580927726,Low volume
2021-05-01,Credit Reporting Rights,4,1.6666666666666667,0.8164965809277261,139.99999999999997,2.8577380332470406,Low volume
2021-06-01,Credit Reporting Rights,2,2.0,1.2649110640673518,0.0,0.0,Low volume
2021-07-01,Credit Reporting Rights,2,2.1666666666666665,1.1690451944500122,-7.692307692307685,-0.14256648712805012,Low volume
2021-08-01,Credit Reporting Rights,0,2.0,1.0954451150103324,-100.0,-1.8257418583505536,Low volume
2021-09-01,Credit Reporting Rights,4,1.8333333333333333,1.329160135825126,118.18181818181822,1.6301020533704371,Low volume
2021-10-01,Credit Reporting Rights,7,2.1666666666666665,1.602081978759722,223.07692307692312,3.016907622339737,Low volume
2021-11-01,Credit Reporting Rights,3,3.1666666666666665,2.401388487243717,-5.263157894736838,-0.06940429153883569,Low volume
2021-12-01,Credit Reporting Rights,2,3.0,2.3664319132398464,-33.33333333333333,-0.4225771273642583,Low volume
2022-01-01,Credit Reporting Rights,2,3.0,2.3664319132398464,-33.33333333333333,-0.4225771273642583,Low volume
2022-02-01,Credit Reporting Rights,4,3.0,2.3664319132398464,33.33333333333333,0.4225771273642583,Low volume
2022-03-01,Credit Reporting Rights,17,3.6666666666666665,1.8618986725025248,363.6363636363637,7.1611487403943315,Critical emerging topic
2022-04-01,Credit Reporting Rights,94,5.833333333333333,5.776388721914987,1511.4285714285716,15.263284884580564,Critical emerging topic
2022-05-01,Credit Reporting Rights,96,20.333333333333332,36.54403736133525,372.13114754098365,2.0705612223000953,Critical emerging topic
2022-06-01,Credit Reporting Rights,97,35.833333333333336,46.1753902708647,170.69767441860463,1.3246594410542754,Critical emerging topic
2022-07-01,Credit Reporting Rights,76,51.666666666666664,48.483674228204556,47.0967741935484,0.5018871552267347,Moderate growth
2022-08-01,Credit Reporting Rights,71,64.0,42.34619227274159,10.9375,0.1653041188429574,Stable
2022-09-01,Credit Reporting Rights,49,75.16666666666667,30.551050172893664,-34.811529933481154,-0.8564899248498821,Decreasing
2022-10-01,Credit Reporting Rights,73,80.5,18.96048522585852,-9.316770186335404,-0.39555949706241783,Stable
2022-11-01,Credit Reporting Rights,67,77.0,17.87735998406922,-12.987012987012985,-0.5593667078870229,Stable
2022-12-01,Credit Reporting Rights,77,72.16666666666667,15.471479136354938,6.697459584295605,0.312402795539823,Stable
2023-01-01,Credit Reporting Rights,83,68.83333333333333,10.361788777362058,20.581113801452794,1.3672028035948127,Moderate growth
2023-02-01,Credit Reporting Rights,72,70.0,11.644741302407693,2.857142857142857,0.17175134664318178,Stable
2023-03-01,Credit Reporting Rights,106,70.16666666666667,11.669047376142847,51.0688836104513,3.0708019410902314,Critical emerging topic
2023-04-01,Credit Reporting Rights,80,79.66666666666667,13.966626889362603,0.4184100418409982,0.023866416420646644,Stable
2023-05-01,Credit Reporting Rights,88,80.83333333333333,13.585531519475655,8.865979381443305,0.5275219932612011,Stable
2023-06-01,Credit Reporting Rights,74,84.33333333333333,11.910779431534555,-12.252964426877465,-0.8675614717518119,Stable
2023-07-01,Credit Reporting Rights,73,83.83333333333333,12.335585379975553,-12.92246520874751,-0.8782180171943164,Stable
2023-08-01,Credit Reporting Rights,65,82.16666666666667,13.121229617176377,-20.89249492900609,-1.3083123432421764,Stable
2023-09-01,Credit Reporting Rights,86,81.0,14.449913494550747,6.172839506172839,0.3460228327239167,Stable
2023-10-01,Credit Reporting Rights,65,77.66666666666667,8.68715526893967,-16.309012875536485,-1.458091432065854,Stable
2023-11-01,Credit Reporting Rights,65,75.16666666666667,9.948199167018426,-13.525498891352555,-1.0219605072215017,Stable
2023-12-01,Credit Reporting Rights,61,71.33333333333333,8.310635755865244,-14.485981308411208,-1.2433866237057212,Stable
2024-01-01,Credit Reporting Rights,62,69.16666666666667,9.130534851073385,-10.361445783132536,-0.7849120323793691,Stable
2024-02-01,Credit Reporting Rights,68,67.33333333333333,9.309493362512564,0.9900990099009972,0.07161148740394428,Stable
2024-03-01,Credit Reporting Rights,62,67.83333333333333,9.239408350466254,-8.599508599508592,-0.6313535577241759,Stable
2024-04-01,Credit Reporting Rights,78,63.833333333333336,2.6394443859769225,22.193211488250647,5.3672912155045225,Critical emerging topic
2024-05-01,Credit Reporting Rights,89,66.0,6.41872261435238,34.84848484848485,3.5832674788861545,Critical emerging topic
2024-06-01,Credit Reporting Rights,99,70.0,11.29601699715431,41.42857142857143,2.5672765902623618,High emerging topic
2024-07-01,Credit Reporting Rights,75,76.33333333333333,15.21402861396896,-1.7467248908296884,-0.08763841367493624,Stable
2024-08-01,Credit Reporting Rights,99,78.5,13.605146085213484,26.11464968152866,1.5067827917173244,Moderate growth
2024-09-01,Credit Reporting Rights,114,83.66666666666667,14.665151436881475,36.25498007968127,2.068395506441744,High emerging topic
2024-10-01,Credit Reporting Rights,110,92.33333333333333,14.66515143688149,19.133574007220222,1.2046699103451908,Moderate growth
2024-11-01,Credit Reporting Rights,77,97.66666666666667,14.22204861005149,-21.160409556313997,-1.4531427386670879,Stable
2024-12-01,Credit Reporting Rights,92,95.66666666666667,16.366632722300192,-3.8327526132404226,-0.22403305120122183,Stable
2025-01-01,Credit Reporting Rights,133,94.5,16.330952207388297,40.74074074074074,2.357486539124289,High emerging topic
2025-02-01,Credit Reporting Rights,53,104.16666666666667,19.364056048944605,-49.120000000000005,-2.642352745588928,Decreasing
2025-03-01,Credit Reporting Rights,59,96.5,28.682747427678557,-38.860103626943,-1.3074061365478846,Decreasing
2025-04-01,Credit Reporting Rights,85,87.33333333333333,30.68984631220344,-2.6717557251908346,-0.07602948902372011,Stable
2025-05-01,Credit Reporting Rights,79,83.16666666666667,28.62458151076915,-5.010020040080166,-0.14556253565136268,Stable
2025-06-01,Credit Reporting Rights,79,83.5,28.549956217129306,-5.389221556886228,-0.15761845537612787,Stable
2025-07-01,Credit Reporting Rights,90,81.33333333333333,28.26776727417054,10.655737704918039,0.3065918359454506,Stable
2025-08-01,Credit Reporting Rights,87,74.16666666666667,14.784000360750367,17.303370786516847,0.8680555343737808,Stable
2025-09-01,Credit Reporting Rights,66,79.83333333333333,11.107054815146405,-17.327766179540703,-1.2454546739491343,Stable
2025-10-01,Credit Reporting Rights,61,81.0,8.555699854482992,-24.691358024691358,-2.3376229110609175,Stable
2025-11-01,Credit Reporting Rights,69,77.0,11.436782764396655,-10.38961038961039,-0.6994974167826679,Stable
2025-12-01,Credit Reporting Rights,40,75.33333333333333,11.809600614189591,-46.90265486725663,-2.991916025583394,Decreasing
2026-01-01,Credit Reporting Rights,0,68.83333333333333,18.32393698599369,-100.0,-3.7564707511244784,Low volume
2026-02-01,Credit Reporting Rights,1,53.833333333333336,30.39353001325559,-98.14241486068111,-1.7383085581138826,Low volume
2026-03-01,Credit Reporting Rights,0,39.5,31.86691073825642,-100.0,-1.2395302552054415,Low volume
2026-04-01,Credit Reporting Rights,1,28.5,32.27847580044638,-96.49122807017544,-0.85196092188528,Low volume
2026-05-01,Credit Reporting Rights,0,18.5,29.358133455654208,-100.0,-0.630149053172759,Low volume
2026-06-01,Credit Reporting Rights,0,7.0,16.174053295324686,-100.0,-0.43279194597580795,Low volume
2015-03-01,Debt Collection,0,,,,,Insufficient history
2015-04-01,Debt Collection,3,,,,,Insufficient history
2015-05-01,Debt Collection,1,,,,,Insufficient history
2015-06-01,Debt Collection,3,1.3333333333333333,1.5275252316519468,125.00000000000003,1.0910894511799618,Low volume
2015-07-01,Debt Collection,1,1.75,1.5,-42.857142857142854,-0.5,Low volume
2015-08-01,Debt Collection,1,1.6,1.3416407864998738,-37.50000000000001,-0.447213595499958,Low volume
2015-09-01,Debt Collection,1,1.5,1.224744871391589,-33.33333333333333,-0.4082482904638631,Low volume
2015-10-01,Debt Collection,1,1.6666666666666667,1.0327955589886444,-40.0,-0.6454972243679029,Low volume
2015-11-01,Debt Collection,2,1.3333333333333333,0.816496580927726,50.000000000000014,0.8164965809277261,Low volume
2015-12-01,Debt Collection,0,1.5,0.8366600265340756,-100.0,-1.7928429140015905,Low volume
2016-01-01,Debt Collection,0,1.0,0.6324555320336759,-100.0,-1.5811388300841895,Low volume
2016-02-01,Debt Collection,5,0.8333333333333334,0.752772652709081,500.0,5.5350930346255955,Low volume
2016-03-01,Debt Collection,0,1.5,1.8708286933869707,-100.0,-0.8017837257372732,Low volume
2016-04-01,Debt Collection,1,1.3333333333333333,1.96638416050035,-24.999999999999993,-0.16951587590520256,Low volume
2016-05-01,Debt Collection,1,1.3333333333333333,1.96638416050035,-24.999999999999993,-0.16951587590520256,Low volume
2016-06-01,Debt Collection,0,1.1666666666666667,1.9407902170679516,-100.0,-0.6011297132511355,Low volume
2016-07-01,Debt Collection,0,1.1666666666666667,1.9407902170679516,-100.0,-0.6011297132511355,Low volume
2016-08-01,Debt Collection,0,1.1666666666666667,1.9407902170679516,-100.0,-0.6011297132511355,Low volume
2016-09-01,Debt Collection,4,0.3333333333333333,0.5163977794943235,1100.0,7.100469468046913,Low volume
2016-10-01,Debt Collection,1,1.0,1.5491933384829673,0.0,0.0,Low volume
2016-11-01,Debt Collection,2,1.0,1.5491933384829673,100.0,0.6454972243679026,Low volume
2016-12-01,Debt Collection,0,1.1666666666666667,1.6020819787597225,-100.0,-0.728219081254419,Low volume
2017-01-01,Debt Collection,1,1.1666666666666667,1.6020819787597225,-14.28571428571429,-0.1040312973220599,Low volume
2017-02-01,Debt Collection,2,1.3333333333333333,1.5055453054181624,50.000000000000014,0.4428074427700476,Low volume
2017-03-01,Debt Collection,3,1.6666666666666667,1.3662601021279468,80.0,0.9759000729485329,Low volume
2017-04-01,Debt Collection,1,1.5,1.048808848170152,-33.33333333333333,-0.4767312946227959,Low volume
2017-05-01,Debt Collection,1,1.5,1.0488088481701523,-33.33333333333333,-0.47673129462279584,Low volume
2017-06-01,Debt Collection,0,1.3333333333333333,1.0327955589886453,-100.0,-1.2909944487358045,Low volume
2017-07-01,Debt Collection,2,1.3333333333333333,1.0327955589886453,50.000000000000014,0.6454972243679024,Low volume
2017-08-01,Debt Collection,2,1.5,1.0488088481701523,33.33333333333333,0.47673129462279584,Low volume
2017-09-01,Debt Collection,3,1.5,1.0488088481701523,100.0,1.4301938838683874,Low volume
2017-10-01,Debt Collection,1,1.5,1.0488088481701523,-33.33333333333333,-0.47673129462279584,Low volume
2017-11-01,Debt Collection,1,1.5,1.0488088481701523,-33.33333333333333,-0.47673129462279584,Low volume
2017-12-01,Debt Collection,1,1.5,1.0488088481701523,-33.33333333333333,-0.47673129462279584,Low volume
2018-01-01,Debt Collection,2,1.6666666666666667,0.8164965809277269,19.999999999999996,0.40824829046386246,Low volume
2018-02-01,Debt Collection,1,1.6666666666666667,0.8164965809277269,-40.0,-0.8164965809277253,Low volume
2018-03-01,Debt Collection,5,1.5,0.8366600265340763,233.33333333333334,4.183300132670373,Low volume
2018-04-01,Debt Collection,0,1.8333333333333333,1.6020819787597225,-100.0,-1.1443442705426583,Low volume
2018-05-01,Debt Collection,4,1.6666666666666667,1.7511900715418267,139.99999999999997,1.3324272283470413,Low volume
2018-06-01,Debt Collection,2,2.1666666666666665,1.9407902170679519,-7.692307692307685,-0.08587567332159068,Low volume
2018-07-01,Debt Collection,0,2.3333333333333335,1.8618986725025257,-100.0,-1.2532010295690075,Low volume
2018-08-01,Debt Collection,2,2.0,2.0976176963403033,0.0,0.0,Low volume
2018-09-01,Debt Collection,0,2.1666666666666665,2.041241452319315,-100.0,-1.0614455552060438,Low volume
2018-10-01,Debt Collection,1,1.3333333333333333,1.6329931618554527,-24.999999999999993,-0.20412414523193137,Low volume
2018-11-01,Debt Collection,1,1.5,1.516575088810311,-33.33333333333333,-0.3296902366978933,Low volume
2018-12-01,Debt Collection,1,1.0,0.8944271909999171,0.0,0.0,Low volume
2019-01-01,Debt Collection,2,0.8333333333333334,0.7527726527090823,139.99999999999997,1.549826049695164,Low volume
2019-02-01,Debt Collection,1,1.1666666666666667,0.7527726527090823,-14.28571428571429,-0.22140372138502354,Low volume
2019-03-01,Debt Collection,0,1.0,0.6324555320336775,-100.0,-1.5811388300841855,Low volume
2019-04-01,Debt Collection,1,1.0,0.6324555320336775,0.0,0.0,Low volume
2019-05-01,Debt Collection,4,1.0,0.6324555320336775,300.0,4.743416490252557,Low volume
2019-06-01,Debt Collection,3,1.5,1.378404875209023,100.0,1.0882143751650168,Low volume
2019-07-01,Debt Collection,0,1.8333333333333333,1.4719601443879753,-100.0,-1.2455047375590547,Low volume
2019-08-01,Debt Collection,1,1.5,1.643167672515499,-33.33333333333333,-0.3042903097250922,Low volume
2019-09-01,Debt Collection,1,1.5,1.643167672515499,-33.33333333333333,-0.3042903097250922,Low volume
2019-10-01,Debt Collection,0,1.6666666666666667,1.5055453054181624,-100.0,-1.1070186069251189,Low volume
2019-11-01,Debt Collection,0,1.5,1.643167672515499,-100.0,-0.9128709291752766,Low volume
2019-12-01,Debt Collection,0,0.8333333333333334,1.169045194450013,-100.0,-0.7128324356402508,Low volume
2020-01-01,Debt Collection,1,0.3333333333333333,0.5163977794943247,200.00000000000006,1.2909944487357996,Low volume
2020-02-01,Debt Collection,0,0.5,0.5477225575051684,-100.0,-0.912870929175273,Low volume
2020-03-01,Debt Collection,2,0.3333333333333333,0.5163977794943247,500.0000000000001,3.227486121839499,Low volume
2020-04-01,Debt Collection,1,0.5,0.836660026534077,100.0,0.5976143046671958,Low volume
2020-05-01,Debt Collection,1,0.6666666666666666,0.8164965809277275,50.000000000000014,0.40824829046386235,Low volume
2020-06-01,Debt Collection,1,0.8333333333333334,0.7527726527090826,19.999999999999996,0.22140372138502332,Low volume
2020-07-01,Debt Collection,1,1.0,0.6324555320336777,0.0,0.0,Low volume
2020-08-01,Debt Collection,3,1.0,0.6324555320336777,200.0,3.16227766016837,Low volume
2020-09-01,Debt Collection,3,1.5,0.8366600265340766,100.0,1.7928429140015882,Low volume
2020-10-01,Debt Collection,0,1.6666666666666667,1.0327955589886453,-100.0,-1.6137430609197558,Low volume
2020-11-01,Debt Collection,1,1.5,1.2247448713915898,-33.33333333333333,-0.40824829046386274,Low volume
2020-12-01,Debt Collection,1,1.5,1.2247448713915898,-33.33333333333333,-0.40824829046386274,Low volume
2021-01-01,Debt Collection,1,1.5,1.2247448713915898,-33.33333333333333,-0.40824829046386274,Low volume
2021-02-01,Debt Collection,2,1.5,1.2247448713915898,33.33333333333333,0.40824829046386274,Low volume
2021-03-01,Debt Collection,4,1.3333333333333333,1.0327955589886455,200.00000000000006,2.581988897471609,Low volume
2021-04-01,Debt Collection,3,1.5,1.3784048752090228,100.0,1.088214375165017,Low volume
2021-05-01,Debt Collection,2,2.0,1.2649110640673522,0.0,0.0,Low volume
2021-06-01,Debt Collection,4,2.1666666666666665,1.1690451944500126,84.61538461538463,1.5682313584085523,Low volume
2021-07-01,Debt Collection,3,2.6666666666666665,1.211060141638997,12.500000000000005,0.2752409412815902,Low volume
2021-08-01,Debt Collection,3,3.0,0.8944271909999162,0.0,0.0,Low volume
2021-09-01,Debt Collection,3,3.1666666666666665,0.7527726527090812,-5.263157894736838,-0.22140372138502357,Low volume
2021-10-01,Debt Collection,4,3.0,0.6324555320336763,33.33333333333333,1.5811388300841884,Low volume
2021-11-01,Debt Collection,6,3.1666666666666665,0.7527726527090812,89.47368421052633,3.763863263545404,Low volume
2021-12-01,Debt Collection,4,3.8333333333333335,1.1690451944500122,4.347826086956517,0.14256648712805012,Low volume
2022-01-01,Debt Collection,3,3.8333333333333335,1.1690451944500122,-21.73913043478261,-0.7128324356402513,Low volume
2022-02-01,Debt Collection,3,3.8333333333333335,1.1690451944500122,-21.73913043478261,-0.7128324356402513,Low volume
2022-03-01,Debt Collection,2,3.8333333333333335,1.1690451944500122,-47.82608695652174,-1.568231358408553,Low volume
2022-04-01,Debt Collection,3,3.6666666666666665,1.3662601021279464,-18.18181818181818,-0.4879500364742665,Low volume
2022-05-01,Debt Collection,3,3.5,1.378404875209022,-14.285714285714285,-0.36273812505500586,Low volume
2022-06-01,Debt Collection,3,3.0,0.6324555320336752,0.0,0.0,Low volume
2022-07-01,Debt Collection,6,2.8333333333333335,0.40824829046386174,111.76470588235293,7.756717518813421,Low volume
2022-08-01,Debt Collection,3,3.3333333333333335,1.3662601021279461,-10.000000000000004,-0.24397501823713347,Low volume
2022-09-01,Debt Collection,2,3.3333333333333335,1.3662601021279461,-40.0,-0.9759000729485335,Low volume
2022-10-01,Debt Collection,4,3.3333333333333335,1.3662601021279461,19.999999999999996,0.4879500364742666,Low volume
2022-11-01,Debt Collection,2,3.5,1.378404875209022,-42.857142857142854,-1.0882143751650175,Low volume
2022-12-01,Debt Collection,4,3.3333333333333335,1.505545305418162,19.999999999999996,0.4428074427700475,Low volume
2023-01-01,Debt Collection,5,3.5,1.51657508881031,42.857142857142854,0.9890707100936805,Low volume
2023-02-01,Debt Collection,1,3.3333333333333335,1.2110601416389966,-70.0,-1.9266865889711313,Low volume
2023-03-01,Debt Collection,2,3.0,1.5491933384829666,-33.33333333333333,-0.6454972243679029,Low volume
2023-04-01,Debt Collection,6,3.0,1.5491933384829666,100.0,1.9364916731037087,Low volume
2023-05-01,Debt Collection,3,3.3333333333333335,1.96638416050035,-10.000000000000004,-0.16951587590520267,Low volume
2023-06-01,Debt Collection,6,3.5,1.8708286933869707,71.42857142857143,1.3363062095621219,Low volume
2023-07-01,Debt Collection,1,3.8333333333333335,2.136976056643281,-73.91304347826087,-1.3258610570414517,Low volume
2023-08-01,Debt Collection,3,3.1666666666666665,2.316606713852541,-5.263157894736838,-0.0719443078836192,Low volume
2023-09-01,Debt Collection,3,3.5,2.0736441353327724,-14.285714285714285,-0.24112141108520602,Low volume
2023-10-01,Debt Collection,6,3.6666666666666665,1.9663841605003503,63.63636363636365,1.1866111313364183,Low volume
2023-11-01,Debt Collection,4,3.6666666666666665,1.9663841605003503,9.090909090909095,0.16951587590520265,Low volume
2023-12-01,Debt Collection,3,3.8333333333333335,1.9407902170679519,-21.73913043478261,-0.4293783666079539,Low volume
2024-01-01,Debt Collection,2,3.3333333333333335,1.632993161855452,-40.0,-0.8164965809277261,Low volume
2024-02-01,Debt Collection,3,3.5,1.3784048752090226,-14.285714285714285,-0.36273812505500574,Low volume
2024-03-01,Debt Collection,8,3.5,1.3784048752090226,128.57142857142858,3.2646431254950516,Low volume
2024-04-01,Debt Collection,5,4.333333333333333,2.250925735484551,15.384615384615394,0.2961744388795463,Low volume
2024-05-01,Debt Collection,7,4.166666666666667,2.136976056643281,67.99999999999999,1.3258610570414515,Low volume
2024-06-01,Debt Collection,3,4.666666666666667,2.422120283277993,-35.71428571428572,-0.6881023532039756,Low volume
2024-07-01,Debt Collection,9,4.666666666666667,2.422120283277993,92.85714285714285,1.789066118330336,Low volume
2024-08-01,Debt Collection,9,5.833333333333333,2.562550812504342,54.28571428571429,1.2357478537457494,Low volume
2024-09-01,Debt Collection,6,6.833333333333333,2.401388487243716,-12.195121951219507,-0.34702145769417875,Low volume
2024-10-01,Debt Collection,5,6.5,2.3452078799117135,-23.076923076923077,-0.6396021490668317,Low volume
2024-11-01,Debt Collection,3,6.5,2.3452078799117135,-53.84615384615385,-1.4924050144892738,Low volume
2024-12-01,Debt Collection,10,5.833333333333333,2.714160398109637,71.42857142857144,1.535158596215859,High emerging topic
2025-01-01,Debt Collection,29,7.0,2.7568097504180438,314.2857142857143,7.9802387512101305,Critical emerging topic
2025-02-01,Debt Collection,48,10.333333333333334,9.500877152487904,364.516129032258,3.9645462268505653,Critical emerging topic
2025-03-01,Debt Collection,111,16.833333333333332,17.971273373544424,559.4059405940594,5.239843872459798,Critical emerging topic
2025-04-01,Debt Collection,117,34.333333333333336,41.29729611810762,240.77669902912615,2.001745257855267,Critical emerging topic
2025-05-01,Debt Collection,66,53.0,49.8196748283246,24.528301886792452,0.2609410849187026,Stable
2025-06-01,Debt Collection,4,63.5,43.39930875025545,-93.7007874015748,-1.3709895782533583,Low volume
2025-07-01,Debt Collection,5,62.5,44.921041840099825,-92.0,-1.2800237404260573,Low volume
2025-08-01,Debt Collection,6,58.5,49.350785201453476,-89.74358974358975,-1.063812861045497,Low volume
2025-09-01,Debt Collection,4,51.5,53.90640036210913,-92.23300970873787,-0.8811569624557569,Low volume
2025-10-01,Debt Collection,1,33.666666666666664,47.61792379626254,-97.02970297029702,-0.6860161901731344,Low volume
2025-11-01,Debt Collection,5,14.333333333333334,25.36664476564976,-65.11627906976744,-0.3679372427674024,Low volume
2025-12-01,Debt Collection,5,4.166666666666667,1.722401424368455,19.999999999999993,0.4838206248226296,Low volume
2026-01-01,Debt Collection,5,4.333333333333333,1.7511900715417732,15.384615384615394,0.3806934938134522,Low volume
2026-02-01,Debt Collection,1,4.333333333333333,1.7511900715417732,-76.92307692307692,-1.90346746906726,Low volume
2026-03-01,Debt Collection,3,3.5,1.9748417658131052,-14.285714285714285,-0.2531848417709224,Low volume
2026-04-01,Debt Collection,1,3.3333333333333335,1.9663841605003058,-70.0,-1.186611131336445,Low volume
2026-05-01,Debt Collection,1,3.3333333333333335,1.9663841605003058,-70.0,-1.186611131336445,Low volume
2026-06-01,Debt Collection,0,2.6666666666666665,1.966384160500308,-100.0,-1.3561270072416496,Low volume
2015-03-01,Digital Payment Fraud,0,,,,,Insufficient history
2015-04-01,Digital Payment Fraud,0,,,,,Insufficient history
2015-05-01,Digital Payment Fraud,0,,,,,Insufficient history
2015-06-01,Digital Payment Fraud,0,0.0,0.0,,,Insufficient history
2015-07-01,Digital Payment Fraud,0,0.0,0.0,,,Insufficient history
2015-08-01,Digital Payment Fraud,0,0.0,0.0,,,Insufficient history
2015-09-01,Digital Payment Fraud,0,0.0,0.0,,,Insufficient history
2015-10-01,Digital Payment Fraud,0,0.0,0.0,,,Insufficient history
2015-11-01,Digital Payment Fraud,0,0.0,0.0,,,Insufficient history
2015-12-01,Digital Payment Fraud,0,0.0,0.0,,,Insufficient history
2016-01-01,Digital Payment Fraud,0,0.0,0.0,,,Insufficient history
2016-02-01,Digital Payment Fraud,0,0.0,0.0,,,Insufficient history
2016-03-01,Digital Payment Fraud,0,0.0,0.0,,,Insufficient history
2016-04-01,Digital Payment Fraud,0,0.0,0.0,,,Insufficient history
2016-05-01,Digital Payment Fraud,0,0.0,0.0,,,Insufficient history
2016-06-01,Digital Payment Fraud,0,0.0,0.0,,,Insufficient history
2016-07-01,Digital Payment Fraud,0,0.0,0.0,,,Insufficient history
2016-08-01,Digital Payment Fraud,0,0.0,0.0,,,Insufficient history
2016-09-01,Digital Payment Fraud,0,0.0,0.0,,,Insufficient history
2016-10-01,Digital Payment Fraud,0,0.0,0.0,,,Insufficient history
2016-11-01,Digital Payment Fraud,0,0.0,0.0,,,Insufficient history
2016-12-01,Digital Payment Fraud,0,0.0,0.0,,,Insufficient history
2017-01-01,Digital Payment Fraud,0,0.0,0.0,,,Insufficient history
2017-02-01,Digital Payment Fraud,0,0.0,0.0,,,Insufficient history
2017-03-01,Digital Payment Fraud,0,0.0,0.0,,,Insufficient history
2017-04-01,Digital Payment Fraud,0,0.0,0.0,,,Insufficient history
2017-05-01,Digital Payment Fraud,0,0.0,0.0,,,Insufficient history
2017-06-01,Digital Payment Fraud,0,0.0,0.0,,,Insufficient history
2017-07-01,Digital Payment Fraud,0,0.0,0.0,,,Insufficient history
2017-08-01,Digital Payment Fraud,0,0.0,0.0,,,Insufficient history
2017-09-01,Digital Payment Fraud,0,0.0,0.0,,,Insufficient history
2017-10-01,Digital Payment Fraud,0,0.0,0.0,,,Insufficient history
2017-11-01,Digital Payment Fraud,0,0.0,0.0,,,Insufficient history
2017-12-01,Digital Payment Fraud,0,0.0,0.0,,,Insufficient history
2018-01-01,Digital Payment Fraud,0,0.0,0.0,,,Insufficient history
2018-02-01,Digital Payment Fraud,0,0.0,0.0,,,Insufficient history
2018-03-01,Digital Payment Fraud,0,0.0,0.0,,,Insufficient history
2018-04-01,Digital Payment Fraud,0,0.0,0.0,,,Insufficient history
2018-05-01,Digital Payment Fraud,0,0.0,0.0,,,Insufficient history
2018-06-01,Digital Payment Fraud,0,0.0,0.0,,,Insufficient history
2018-07-01,Digital Payment Fraud,0,0.0,0.0,,,Insufficient history
2018-08-01,Digital Payment Fraud,0,0.0,0.0,,,Insufficient history
2018-09-01,Digital Payment Fraud,0,0.0,0.0,,,Insufficient history
2018-10-01,Digital Payment Fraud,0,0.0,0.0,,,Insufficient history
2018-11-01,Digital Payment Fraud,0,0.0,0.0,,,Insufficient history
2018-12-01,Digital Payment Fraud,0,0.0,0.0,,,Insufficient history
2019-01-01,Digital Payment Fraud,0,0.0,0.0,,,Insufficient history
2019-02-01,Digital Payment Fraud,0,0.0,0.0,,,Insufficient history
2019-03-01,Digital Payment Fraud,0,0.0,0.0,,,Insufficient history
2019-04-01,Digital Payment Fraud,0,0.0,0.0,,,Insufficient history
2019-05-01,Digital Payment Fraud,0,0.0,0.0,,,Insufficient history
2019-06-01,Digital Payment Fraud,0,0.0,0.0,,,Insufficient history
2019-07-01,Digital Payment Fraud,0,0.0,0.0,,,Insufficient history
2019-08-01,Digital Payment Fraud,0,0.0,0.0,,,Insufficient history
2019-09-01,Digital Payment Fraud,0,0.0,0.0,,,Insufficient history
2019-10-01,Digital Payment Fraud,0,0.0,0.0,,,Insufficient history
2019-11-01,Digital Payment Fraud,0,0.0,0.0,,,Insufficient history
2019-12-01,Digital Payment Fraud,0,0.0,0.0,,,Insufficient history
2020-01-01,Digital Payment Fraud,0,0.0,0.0,,,Insufficient history
2020-02-01,Digital Payment Fraud,0,0.0,0.0,,,Insufficient history
2020-03-01,Digital Payment Fraud,0,0.0,0.0,,,Insufficient history
2020-04-01,Digital Payment Fraud,0,0.0,0.0,,,Insufficient history
2020-05-01,Digital Payment Fraud,0,0.0,0.0,,,Insufficient history
2020-06-01,Digital Payment Fraud,1,0.0,0.0,,,Insufficient history
2020-07-01,Digital Payment Fraud,0,0.16666666666666666,0.408248290463863,-100.0,-0.408248290463863,Low volume
2020-08-01,Digital Payment Fraud,0,0.16666666666666666,0.408248290463863,-100.0,-0.408248290463863,Low volume
2020-09-01,Digital Payment Fraud,0,0.16666666666666666,0.408248290463863,-100.0,-0.408248290463863,Low volume
2020-10-01,Digital Payment Fraud,0,0.16666666666666666,0.408248290463863,-100.0,-0.408248290463863,Low volume
2020-11-01,Digital Payment Fraud,0,0.16666666666666666,0.408248290463863,-100.0,-0.408248290463863,Low volume
2020-12-01,Digital Payment Fraud,0,0.16666666666666666,0.408248290463863,-100.0,-0.408248290463863,Low volume
2021-01-01,Digital Payment Fraud,0,0.0,0.0,,,Insufficient history
2021-02-01,Digital Payment Fraud,0,0.0,0.0,,,Insufficient history
2021-03-01,Digital Payment Fraud,0,0.0,0.0,,,Insufficient history
2021-04-01,Digital Payment Fraud,0,0.0,0.0,,,Insufficient history
2021-05-01,Digital Payment Fraud,0,0.0,0.0,,,Insufficient history
2021-06-01,Digital Payment Fraud,0,0.0,0.0,,,Insufficient history
2021-07-01,Digital Payment Fraud,1,0.0,0.0,,,Insufficient history
2021-08-01,Digital Payment Fraud,0,0.16666666666666666,0.408248290463863,-100.0,-0.408248290463863,Low volume
2021-09-01,Digital Payment Fraud,0,0.16666666666666666,0.408248290463863,-100.0,-0.408248290463863,Low volume
2021-10-01,Digital Payment Fraud,0,0.16666666666666666,0.408248290463863,-100.0,-0.408248290463863,Low volume
2021-11-01,Digital Payment Fraud,0,0.16666666666666666,0.408248290463863,-100.0,-0.408248290463863,Low volume
2021-12-01,Digital Payment Fraud,1,0.16666666666666666,0.408248290463863,500.0000000000001,2.041241452319315,Low volume
2022-01-01,Digital Payment Fraud,0,0.3333333333333333,0.5163977794943223,-100.0,-0.6454972243679027,Low volume
2022-02-01,Digital Payment Fraud,0,0.16666666666666666,0.408248290463863,-100.0,-0.408248290463863,Low volume
2022-03-01,Digital Payment Fraud,0,0.16666666666666666,0.408248290463863,-100.0,-0.408248290463863,Low volume
2022-04-01,Digital Payment Fraud,2,0.16666666666666666,0.408248290463863,1100.0,4.490731195102493,Low volume
2022-05-01,Digital Payment Fraud,1,0.5,0.8366600265340756,100.0,0.5976143046671968,Low volume
2022-06-01,Digital Payment Fraud,0,0.6666666666666666,0.816496580927726,-100.0,-0.816496580927726,Low volume
2022-07-01,Digital Payment Fraud,3,0.5,0.8366600265340756,500.0,2.988071523335984,Low volume
2022-08-01,Digital Payment Fraud,0,1.0,1.2649110640673518,-100.0,-0.7905694150420948,Low volume
2022-09-01,Digital Payment Fraud,3,1.0,1.2649110640673518,200.0,1.5811388300841895,Low volume
2022-10-01,Digital Payment Fraud,0,1.5,1.378404875209022,-100.0,-1.0882143751650175,Low volume
2022-11-01,Digital Payment Fraud,0,1.1666666666666667,1.4719601443879744,-100.0,-0.7925939239012171,Low volume
2022-12-01,Digital Payment Fraud,1,1.0,1.5491933384829666,0.0,0.0,Low volume
2023-01-01,Digital Payment Fraud,0,1.1666666666666667,1.4719601443879744,-100.0,-0.7925939239012171,Low volume
2023-02-01,Digital Payment Fraud,0,0.6666666666666666,1.2110601416389966,-100.0,-0.5504818825631803,Low volume
2023-03-01,Digital Payment Fraud,1,0.6666666666666666,1.2110601416389966,50.000000000000014,0.2752409412815902,Low volume
2023-04-01,Digital Payment Fraud,0,0.3333333333333333,0.5163977794943218,-100.0,-0.6454972243679034,Low volume
2023-05-01,Digital Payment Fraud,0,0.3333333333333333,0.5163977794943218,-100.0,-0.6454972243679034,Low volume
2023-06-01,Digital Payment Fraud,1,0.3333333333333333,0.5163977794943218,200.00000000000006,1.290994448735807,Low volume
2023-07-01,Digital Payment Fraud,1,0.3333333333333333,0.5163977794943218,200.00000000000006,1.290994448735807,Low volume
2023-08-01,Digital Payment Fraud,1,0.5,0.5477225575051656,100.0,0.9128709291752777,Low volume
2023-09-01,Digital Payment Fraud,4,0.6666666666666666,0.5163977794943219,500.0000000000001,6.454972243679033,Low volume
2023-10-01,Digital Payment Fraud,1,1.1666666666666667,1.4719601443879744,-14.28571428571429,-0.11322770341445963,Low volume
2023-11-01,Digital Payment Fraud,0,1.3333333333333333,1.3662601021279464,-100.0,-0.9759000729485332,Low volume
2023-12-01,Digital Payment Fraud,3,1.3333333333333333,1.3662601021279464,125.00000000000003,1.2198750911856666,Low volume
2024-01-01,Digital Payment Fraud,1,1.6666666666666667,1.505545305418162,-40.0,-0.4428074427700477,Low volume
2024-02-01,Digital Payment Fraud,2,1.6666666666666667,1.505545305418162,19.999999999999996,0.22140372138502376,Low volume
2024-03-01,Digital Payment Fraud,1,1.8333333333333333,1.4719601443879744,-45.45454545454545,-0.5661385170722979,Low volume
2024-04-01,Digital Payment Fraud,1,1.3333333333333333,1.0327955589886442,-24.999999999999993,-0.32274861218395146,Low volume
2024-05-01,Digital Payment Fraud,3,1.3333333333333333,1.0327955589886442,125.00000000000003,1.6137430609197576,Low volume
2024-06-01,Digital Payment Fraud,2,1.8333333333333333,0.9831920802501748,9.090909090909095,0.16951587590520273,Low volume
2024-07-01,Digital Payment Fraud,2,1.6666666666666667,0.8164965809277257,19.999999999999996,0.4082482904638631,Low volume
2024-08-01,Digital Payment Fraud,4,1.8333333333333333,0.7527726527090807,118.18181818181822,2.878248378005311,Low volume
2024-09-01,Digital Payment Fraud,3,2.1666666666666665,1.169045194450012,38.46153846153847,0.7128324356402516,Low volume
2024-10-01,Digital Payment Fraud,4,2.5,1.0488088481701514,60.0,1.4301938838683887,Low volume
2024-11-01,Digital Payment Fraud,0,3.0,0.8944271909999159,-100.0,-3.3541019662496847,Low volume
2024-12-01,Digital Payment Fraud,1,2.5,1.51657508881031,-60.0,-0.9890707100936805,Low volume
2025-01-01,Digital Payment Fraud,490,2.3333333333333335,1.632993161855452,20900.0,298.6336244743158,Critical emerging topic
2025-02-01,Digital Payment Fraud,32,83.66666666666667,199.06849742404415,-61.75298804780876,-0.2595421542596433,Decreasing
2025-03-01,Digital Payment Fraud,6,88.33333333333333,197.14630776828326,-93.20754716981132,-0.41762554046969097,Low volume
2025-04-01,Digital Payment Fraud,10,88.83333333333333,196.8902401508685,-88.74296435272045,-0.40039228594026166,Decreasing
2025-05-01,Digital Payment Fraud,2,89.83333333333333,196.38779663376914,-97.77365491651206,-0.44724435448057914,Low volume
2025-06-01,Digital Payment Fraud,4,90.16666666666667,196.20643890215905,-95.56377079482439,-0.43916329733518494,Low volume
2025-07-01,Digital Payment Fraud,4,90.66666666666667,195.9374049707372,-95.58823529411765,-0.44231813052546115,Low volume
2025-08-01,Digital Payment Fraud,8,9.666666666666666,11.272385136548085,-17.241379310344822,-0.14785394984978711,Low volume
2025-09-01,Digital Payment Fraud,4,5.666666666666667,2.9439202887765634,-29.411764705882355,-0.5661385170721798,Low volume
2025-10-01,Digital Payment Fraud,10,5.333333333333333,3.0110906108369258,87.50000000000001,1.549826049694857,High emerging topic
2025-11-01,Digital Payment Fraud,5,5.333333333333333,3.0110906108369258,-6.249999999999995,-0.11070186069248969,Low volume
2025-12-01,Digital Payment Fraud,1,5.833333333333333,2.562550812505048,-82.85714285714285,-1.8861414609798344,Low volume
2026-01-01,Digital Payment Fraud,1,5.333333333333333,3.2041639575200103,-81.25,-1.3524068651865393,Low volume
2026-02-01,Digital Payment Fraud,0,4.833333333333333,3.6560452221861675,-100.0,-1.3220113646305487,Low volume
2026-03-01,Digital Payment Fraud,2,3.5,3.7282703764619423,-42.857142857142854,-0.40233133558931194,Low volume
2026-04-01,Digital Payment Fraud,3,3.1666666666666665,3.763863263545894,-5.263157894736838,-0.04428074427699897,Low volume
2026-05-01,Digital Payment Fraud,0,2.0,1.7888543820008693,-100.0,-1.1180339887492463,Low volume
2026-06-01,Digital Payment Fraud,0,1.1666666666666667,1.1690451944516085,-100.0,-0.9979654098949892,Low volume
2015-03-01,Identity Theft,0,,,,,Insufficient history
2015-04-01,Identity Theft,1,,,,,Insufficient history
2015-05-01,Identity Theft,0,,,,,Insufficient history
2015-06-01,Identity Theft,1,0.3333333333333333,0.5773502691896258,200.00000000000006,1.1547005383792515,Low volume
2015-07-01,Identity Theft,3,0.5,0.5773502691896257,500.0,4.330127018922194,Low volume
2015-08-01,Identity Theft,1,1.0,1.224744871391589,0.0,0.0,Low volume
2015-09-01,Identity Theft,1,1.0,1.0954451150103321,0.0,0.0,Low volume
2015-10-01,Identity Theft,2,1.1666666666666667,0.983192080250175,71.42857142857142,0.8475793795260129,Low volume
2015-11-01,Identity Theft,2,1.3333333333333333,1.0327955589886446,50.000000000000014,0.6454972243679028,Low volume
2015-12-01,Identity Theft,1,1.6666666666666667,0.8164965809277263,-40.0,-0.8164965809277259,Low volume
2016-01-01,Identity Theft,0,1.6666666666666667,0.8164965809277263,-100.0,-2.0412414523193148,Low volume
2016-02-01,Identity Theft,1,1.1666666666666667,0.752772652709081,-14.28571428571429,-0.22140372138502393,Low volume
2016-03-01,Identity Theft,0,1.1666666666666667,0.752772652709081,-100.0,-1.5498260496951668,Low volume
2016-04-01,Identity Theft,1,1.0,0.8944271909999157,0.0,0.0,Low volume
2016-05-01,Identity Theft,3,0.8333333333333334,0.7527726527090808,259.99999999999994,2.8782483780053103,Low volume
2016-06-01,Identity Theft,2,1.0,1.0954451150103321,100.0,0.9128709291752769,Low volume
2016-07-01,Identity Theft,0,1.1666666666666667,1.1690451944500122,-100.0,-0.9979654098963519,Low volume
2016-08-01,Identity Theft,0,1.1666666666666667,1.169045194450012,-100.0,-0.997965409896352,Low volume
2016-09-01,Identity Theft,1,1.0,1.2649110640673515,0.0,0.0,Low volume
2016-10-01,Identity Theft,4,1.1666666666666667,1.169045194450012,242.85714285714283,2.4236302811768544,Low volume
2016-11-01,Identity Theft,5,1.6666666666666667,1.632993161855452,199.99999999999997,2.0412414523193148,Low volume
2016-12-01,Identity Theft,1,2.0,2.0976176963403033,-50.0,-0.4767312946227961,Low volume
2017-01-01,Identity Theft,0,1.8333333333333333,2.1369760566432814,-100.0,-0.8579100957327037,Low volume
2017-02-01,Identity Theft,1,1.8333333333333333,2.1369760566432814,-45.45454545454545,-0.38995913442395624,Low volume
2017-03-01,Identity Theft,2,2.0,2.0000000000000004,0.0,0.0,Low volume
2017-04-01,Identity Theft,4,2.1666666666666665,1.9407902170679519,84.61538461538463,0.9446324065374985,Low volume
2017-05-01,Identity Theft,4,2.1666666666666665,1.9407902170679519,84.61538461538463,0.9446324065374985,Low volume
2017-06-01,Identity Theft,2,2.0,1.6733200530681513,0.0,0.0,Low volume
2017-07-01,Identity Theft,2,2.1666666666666665,1.6020819787597222,-7.692307692307685,-0.10403129732205978,Low volume
2017-08-01,Identity Theft,2,2.5,1.2247448713915896,-20.0,-0.40824829046386285,Low volume
2017-09-01,Identity Theft,9,2.6666666666666665,1.0327955589886453,237.50000000000006,6.132223631495073,Low volume
2017-10-01,Identity Theft,3,3.8333333333333335,2.7141603981096387,-21.73913043478261,-0.30703171924317163,Low volume
2017-11-01,Identity Theft,4,3.6666666666666665,2.7325202042558936,9.090909090909095,0.12198750911856666,Low volume
2017-12-01,Identity Theft,4,3.6666666666666665,2.7325202042558936,9.090909090909095,0.12198750911856666,Low volume
2018-01-01,Identity Theft,7,4.0,2.607680962081061,75.0,1.1504474832710552,Low volume
2018-02-01,Identity Theft,8,4.833333333333333,2.639444385977222,65.51724137931035,1.1997474481714634,Low volume
2018-03-01,Identity Theft,8,5.833333333333333,2.483277404291892,37.14285714285715,0.8725028717782309,Low volume
2018-04-01,Identity Theft,9,5.666666666666667,2.2509257354845533,58.823529411764696,1.4808721943977292,Low volume
2018-05-01,Identity Theft,4,6.666666666666667,2.16024689946929,-40.0,-1.2344267996967335,Low volume
2018-06-01,Identity Theft,3,6.666666666666667,2.16024689946929,-55.00000000000001,-1.6973368495830086,Low volume
2018-07-01,Identity Theft,3,6.5,2.4289915602982264,-53.84615384615385,-1.4409271967870805,Low volume
2018-08-01,Identity Theft,5,5.833333333333333,2.7868739954771327,-14.285714285714283,-0.2990208149653571,Low volume
2018-09-01,Identity Theft,6,5.333333333333333,2.581988897471613,12.500000000000005,0.25819888974716104,Low volume
2018-10-01,Identity Theft,15,5.0,2.280350850198278,200.0,4.385290096535142,Critical emerging topic
2018-11-01,Identity Theft,5,6.0,4.560701700396554,-16.666666666666664,-0.21926450482675722,Low volume
2018-12-01,Identity Theft,3,6.166666666666667,4.490731195102495,-51.35135135135135,-0.705156138073945,Low volume
2019-01-01,Identity Theft,6,6.166666666666667,4.490731195102495,-2.7027027027027075,-0.037113480951260325,Low volume
2019-02-01,Identity Theft,9,6.666666666666667,4.226897995772632,34.99999999999999,0.5520202606419473,Low volume
2019-03-01,Identity Theft,6,7.333333333333333,4.226897995772632,-18.18181818181818,-0.3154401489382556,Low volume
2019-04-01,Identity Theft,10,7.333333333333333,4.226897995772632,36.36363636363637,0.6308802978765115,Moderate growth
2019-05-01,Identity Theft,5,6.5,2.588435821108961,-23.076923076923077,-0.5795005569646909,Low volume
2019-06-01,Identity Theft,10,6.5,2.588435821108961,53.84615384615385,1.3521679662509456,High emerging topic
2019-07-01,Identity Theft,10,7.666666666666667,2.250925735484557,30.43478260869565,1.0366105360784088,Moderate growth
2019-08-01,Identity Theft,14,8.333333333333334,2.2509257354845578,67.99999999999999,2.5174827304761345,High emerging topic
2019-09-01,Identity Theft,16,9.166666666666666,3.2506409624359787,74.54545454545456,2.102149518294553,High emerging topic
2019-10-01,Identity Theft,13,10.833333333333334,3.816630276391299,19.999999999999993,0.5676910022092297,Stable
2019-11-01,Identity Theft,12,11.333333333333334,3.8815804341359113,5.882352941176465,0.17175134664318104,Stable
2019-12-01,Identity Theft,11,12.5,2.345207879911731,-12.0,-0.6396021490668269,Stable
2020-01-01,Identity Theft,6,12.666666666666666,2.1602468994693047,-52.63157894736842,-3.086066999241812,Low volume
2020-02-01,Identity Theft,8,12.0,3.4058772731852898,-33.33333333333333,-1.1744404390294036,Low volume
2020-03-01,Identity Theft,15,11.0,3.5777087639996705,36.36363636363637,1.1180339887498927,Moderate growth
2020-04-01,Identity Theft,21,10.833333333333334,3.3115957885386185,93.84615384615384,3.0700204118670946,Critical emerging topic
2020-05-01,Identity Theft,23,12.166666666666666,5.344779384283952,89.04109589041097,2.026899999874306,High emerging topic
2020-06-01,Identity Theft,10,14.0,6.928203230275518,-28.57142857142857,-0.5773502691896251,Decreasing
2020-07-01,Identity Theft,21,13.833333333333334,7.026141662866382,51.80722891566264,1.0200003089238818,High emerging topic
2020-08-01,Identity Theft,27,16.333333333333332,6.31400559602752,65.30612244897961,1.6893660457598645,High emerging topic
2020-09-01,Identity Theft,18,19.5,6.058052492344403,-7.6923076923076925,-0.2476043253001784,Stable
2020-10-01,Identity Theft,11,20.0,5.727128425310561,-45.0,-1.5714681654815454,Decreasing
2020-11-01,Identity Theft,11,18.333333333333332,6.742897497861499,-40.0,-1.0875641125583013,Decreasing
2020-12-01,Identity Theft,18,16.333333333333332,6.860515043833577,10.20408163265307,0.24293608512158493,Stable
2021-01-01,Identity Theft,27,17.666666666666668,6.121002096606965,52.83018867924527,1.524804792749058,High emerging topic
2021-02-01,Identity Theft,15,18.666666666666668,7.174027227901138,-19.64285714285715,-0.5111029760810376,Stable
2021-03-01,Identity Theft,10,16.666666666666668,5.955389715767293,-40.0,-1.11943415709911,Decreasing
2021-04-01,Identity Theft,10,15.333333333333334,6.4704456312271725,-34.78260869565218,-0.8242605899652423,Decreasing
2021-05-01,Identity Theft,15,15.166666666666666,6.615638039272312,-1.098901098901095,-0.02519283335594923,Stable
2021-06-01,Identity Theft,23,15.833333333333334,6.3060817205826645,45.263157894736835,1.1364690443631749,Moderate growth
2021-07-01,Identity Theft,15,16.666666666666668,6.947421584060294,-10.000000000000005,-0.23989715414572768,Stable
2021-08-01,Identity Theft,16,14.666666666666666,4.760952285695247,9.090909090909095,0.2800560168056013,Stable
2021-09-01,Identity Theft,10,14.833333333333334,4.7923550230201855,-32.58426966292135,-1.0085507668184657,Decreasing
2021-10-01,Identity Theft,16,14.833333333333334,4.7923550230201855,7.865168539325838,0.24344328854238811,Stable
2021-11-01,Identity Theft,15,15.833333333333334,4.16733328000855,-5.263157894736846,-0.19996800767795184,Stable
2021-12-01,Identity Theft,19,15.833333333333334,4.16733328000855,19.999999999999996,0.7598784291762163,Stable
2022-01-01,Identity Theft,30,15.166666666666666,2.9268868558020498,97.80219780219781,5.067955839812804,Critical emerging topic
2022-02-01,Identity Theft,13,17.666666666666668,6.713171133426204,-26.415094339622648,-0.6951508570115863,Decreasing
2022-03-01,Identity Theft,24,17.166666666666668,6.968978882638894,39.805825242718434,0.9805358070974384,Moderate growth
2022-04-01,Identity Theft,29,19.5,6.410928169929862,48.717948717948715,1.4818447108110295,Moderate growth
2022-05-01,Identity Theft,24,21.666666666666668,7.146094504459549,10.769230769230763,0.3265186784021966,Stable
2022-06-01,Identity Theft,22,23.166666666666668,6.369196704975204,-5.035971223021588,-0.18317328239451977,Stable
2022-07-01,Identity Theft,38,23.666666666666668,6.088240030309827,60.56338028169014,2.354265479346404,High emerging topic
2022-08-01,Identity Theft,48,25.0,8.246211251235344,92.0,2.7891596879178215,High emerging topic
2022-09-01,Identity Theft,34,30.833333333333332,10.206207261596601,10.270270270270276,0.3102687007525352,Stable
2022-10-01,Identity Theft,25,32.5,9.669539802906888,-23.076923076923077,-0.7756315349925264,Stable
2022-11-01,Identity Theft,40,31.833333333333332,10.087946603083664,25.65445026178011,0.8095469760090024,Moderate growth
2022-12-01,Identity Theft,50,34.5,9.710818709048203,44.927536231884055,1.5961579002146997,Moderate growth
2023-01-01,Identity Theft,52,39.166666666666664,9.217736526212244,32.76595744680852,1.3922434533509946,Moderate growth
2023-02-01,Identity Theft,41,41.5,10.540398474441123,-1.2048192771084338,-0.0474365367886636,Stable
2023-03-01,Identity Theft,42,40.333333333333336,10.053191864610332,4.132231404958672,0.1657848262633616,Stable
2023-04-01,Identity Theft,66,41.666666666666664,9.563820714895664,58.400000000000006,2.5443109044729515,High emerging topic
2023-05-01,Identity Theft,45,48.5,9.914635646356396,-7.216494845360824,-0.3530134767268267,Stable
2023-06-01,Identity Theft,66,49.333333333333336,9.24481836850609,33.783783783783775,1.8028116943264405,Moderate growth
2023-07-01,Identity Theft,49,52.0,11.506519890914067,-5.769230769230769,-0.26072174979412327,Stable
2023-08-01,Identity Theft,65,51.5,11.571516754514123,26.21359223300971,1.166657775847195,Moderate growth
2023-09-01,Identity Theft,53,55.5,11.362218093312649,-4.504504504504505,-0.22002746114083138,Stable
2023-10-01,Identity Theft,51,57.333333333333336,9.479803092188575,-11.04651162790698,-0.6680870131735169,Stable
2023-11-01,Identity Theft,59,54.833333333333336,8.68139773692393,7.5987841945288706,0.47995343525673256,Stable
2023-12-01,Identity Theft,47,57.166666666666664,7.277820186475347,-17.78425655976676,-1.396938424716754,Stable
2024-01-01,Identity Theft,42,54.0,6.782329983125357,-22.22222222222222,-1.7693034738587425,Stable
2024-02-01,Identity Theft,49,52.833333333333336,8.256310717667292,-7.255520504731866,-0.46429131175145405,Stable
2024-03-01,Identity Theft,61,50.166666666666664,5.741660619251853,21.594684385382067,1.886794440097878,Moderate growth
2024-04-01,Identity Theft,62,51.5,7.259476565152683,20.388349514563107,1.4463852738918734,Moderate growth
2024-05-01,Identity Theft,69,53.333333333333336,8.406346808612394,29.374999999999996,1.8636712264376236,Moderate growth
2024-06-01,Identity Theft,73,55.0,10.488088481701574,32.72727272727273,1.7162326606420566,Moderate growth
2024-07-01,Identity Theft,107,59.333333333333336,11.809600614189636,80.33707865168539,4.03626407224928,Critical emerging topic
2024-08-01,Identity Theft,95,70.16666666666667,19.823386861650782,35.3919239904988,1.2527290874484476,Moderate growth
2024-09-01,Identity Theft,114,77.83333333333333,18.87237840513668,46.466809421841546,1.916380961120557,Moderate growth
2024-10-01,Identity Theft,112,86.66666666666667,21.6209774678822,29.230769230769223,1.1717015741293755,Moderate growth
2024-11-01,Identity Theft,106,95.0,19.7686620690426,11.578947368421053,0.5564362404285225,Stable
2024-12-01,Identity Theft,151,101.16666666666667,15.302505241517505,49.25864909390444,3.256547378799754,Critical emerging topic
2025-01-01,Identity Theft,161,114.16666666666667,19.21891429469084,41.021897810218974,2.4368355368685357,High emerging topic
2025-02-01,Identity Theft,131,123.16666666666667,26.46821993762846,6.359945872801079,0.29595240449838844,Stable
2025-03-01,Identity Theft,151,129.16666666666666,22.6045718089654,16.903225806451623,0.9658813056867475,Stable
2025-04-01,Identity Theft,137,135.33333333333334,22.68626603623156,1.231527093596052,0.07346588742302824,Stable
2025-05-01,Identity Theft,196,139.5,19.634153916072044,40.50179211469534,2.8776386413957193,High emerging topic
2025-06-01,Identity Theft,245,154.5,23.010866998007884,58.57605177993528,3.932924387761436,Critical emerging topic
2025-07-01,Identity Theft,248,170.16666666666666,43.25004816953013,45.73947110675809,1.7996126392332508,Moderate growth
2025-08-01,Identity Theft,197,184.66666666666666,53.03835090447928,6.678700361010836,0.23253613890721003,Stable
2025-09-01,Identity Theft,146,195.66666666666666,46.068065584162305,-25.383304940374785,-1.078114872783838,Decreasing
2025-10-01,Identity Theft,76,194.83333333333334,47.07193077266621,-60.9923011120616,-2.5245051856325733,Decreasing
2025-11-01,Identity Theft,75,184.66666666666666,65.16952252906783,-59.38628158844765,-1.6827907035493712,Decreasing
2025-12-01,Identity Theft,48,164.5,78.34985641339755,-70.82066869300911,-1.4869204020657134,Decreasing
2026-01-01,Identity Theft,6,131.66666666666666,79.14206635327812,-95.44303797468355,-1.587861834510484,Low volume
2026-02-01,Identity Theft,3,91.33333333333333,69.01497422057531,-96.71532846715328,-1.2799154724164001,Low volume
2026-03-01,Identity Theft,3,59.0,53.25410782277747,-94.91525423728814,-1.05156207266415,Low volume
2026-04-01,Identity Theft,5,35.166666666666664,35.605711152379406,-85.78199052132702,-0.8472423577657072,Low volume
2026-05-01,Identity Theft,0,23.333333333333332,30.79393879754058,-100.0,-0.7577248719867202,Low volume
2026-06-01,Identity Theft,0,10.833333333333334,18.32393698599389,-100.0,-0.5912121036878656,Low volume
